00223961000165
00755452000183
00755452000345
00755452001074
00905143000142
01886085000110
01886085000209
02042442000126
02280045000192
02694840000127
02910540001100
02910540001290
02910540001452
02910540002181
02910540002343
02910540002777
02910540002939
02910540003072
02910540003153
02910540003234
02910540003315
02910540003404
02910540003587
02910540003668
05418057000129
07040677000100
07487662000187
07549878000120
07549878000200
07549878000391
07549878000472
07549878000553
07549878000634
07657293000123
07835536000176
07893408002041
07894016000215
07894016000304
07900903000330
07901057000968
07901057001000
07913003000246
07913026000170
07915403000100
07915403000290
07915435000105
07915485000192
07915502000191
07915533000223
07915617000267
07915678000143
07915784000127
07915805000295
07915877000232
07915948000116
07915948000205
07915953000129
07915957000107
07916138000184
07916138000427
07916146000201
07916146000473
07916146000716
07916226000186
07916242000250
07916312000270
07916352000130
07916358000531
07916358000612
07916606000110
07921324000292
07921324000373
07921841000180
07923297000610
07923297000882
07923297003717
07923297004608
07923297004950
07923344000111
07923344000383
07923344000626
07923349000144
07923377000161
07926670000182
07926940000155
07926948000111
07927011000160
07927011000241
07927011000322
07927017000138
07927068000160
07927104000519
07927104001671
07927172001479
07927212000168
07927311001626
07927337000198
07927362000171
07927375000140
07927417000224
07927451000207
07927459000184
07927461000234
07927613000118
07927708000212
07927728000102
07927813000332
07927912001043
07927944000158
07928060000118
07928092000113
07928092000385
07928092000466
07928129000103
07933057000192
07933058000137
07933076000119
07933101000245
07934643000151
07934781000130
07934874000327
07935300000292
07935300000373
07935337000300
07935337000482
07935409000734
07935409004217
07935423000142
07935527000157
07935527000408
07935527000580
07937349000101
07937349000284
07937411000157
07937411000238
07937411000319
07937459001480
07937711000136
07937829000164
07938070000304
07938282000111
07938330000171
07938340000107
07938352000212
07938372000102
07938411000333
07938411000767
07940532000158
07940535000191
07941871000159
07941890000185
07942027001114
07942051000181
07942908000163
07943015000132
07943036000239
07943069000289
07943069000360
07943069000440
07943069000521
07944081000127
07944823000467
07945507000400
07945638000144
07945648000180
07946293000305
07946966000327
07946968000235
07948124003915
07948192000101
07948294000127
07948298000105
07948309000238
07948356000109
07948356000281
07948356000362
07948371000904
07948400000172
07948442000103
07948451000102
07948451000790
07948451000870
07948465000207
07948497000113
07948506000257
07948603000240
07948603000320
07948629000107
07948629000298
07948645000361
07948666000468
07948678000140
07948780000226
07948781000190
07948826000207
07948865000123
07949098000177
07949112000302
07949143000193
07949184000180
07949229000116
07949279000101
07949349000113
07949453000108
07949652000205
07949749000129
07949773000168
07949780000240
07949780000321
07949780000402
07949783000101
07949844000475
07949864000101
07949864000284
07950493000170
07950493001818
07950493002032
07951946000182
07952183000194
07952235000203
07952238000247
07952268000334
07952268000415
07952685000204
07952685000387
07953179000140
07953179000221
07954771000167
07954808000157
07954808000319
07954809000100
07954820000161
07954827000183
07954950000102
07954950000870
07954950000951
07954976000576
07955070000657
07955072000131
07955072000212
07955072000301
07955496001410
07957492000157
07957619001886
07957619002009
07957619002858
07957619002939
07957629000173
07957639000109
07957647000155
07957647000236
07957648000108
07958850000146
07958850000731
07960189000103
07960257000134
07960257000215
07960257000487
07960274000171
07960274000414
07960274000503
07960274000686
07960411000178
07960424000228
07960538000197
07960538000600
07962158000272
07962218000419
07962359000199
07962360000113
07962360000466
07962360000547
07962542000194
07962543000309
07962544000183
07962845000107
07963022000520
07963106000130
07963106000210
07963112000197
07963177000302
07963222000159
07963308000262
07963521000193
07963521000274
07963700000120
07963700000201
07963700000392
07963752000288
07963845000121
07963845000393
07963845000474
07963845000717
07963845001012
07963845001284
07963889000151
07963904000595
07963904000676
07963923000198
07964012000266
07964113000156
07966384000140
07966384000221
07966451000470
07967539000163
07971274000177
07971274000258
07971350000225
07971396000163
07971550000288
07971731000123
07971731001014
07971731001790
07973778000126
07973810000173
07973938000218
07973992000182
07974126000297
07974142000441
07974187000173
07974240000136
07974360000214
07974360000486
07974360000990
07974374000238
07974374000319
07974406000114
07974444001815
07974444001904
07974460000160
07974526000383
07974543000159
07974598000169
07974644000553
07974658000143
07974782000290
07974894000160
07974928000116
07974928000469
07974981000540
07974981002918
07974981003051
07975067000190
07975076000181
07975165000128
07975855000187
07976610000760
07976758000290
07977616000166
07977616000247
07977617000100
07977617000291
07977656000108
07977667000198
07977740000121
07977778000366
07977786000140
07978039001280
07978704000182
07980272000225
07980418000151
07980418000232
07980499000190
07980499000270
07980516000199
07980569000452
07983225000235
07985603000309
07985624000154
07985680000199
07985702000110
07985703000165
07985736000105
07985775000102
07987215000197
07988252000110
07988434000271
07988436000260
07988460000119
07988491000170
07988507000144
07988507000225
07988507000306
07988543000108
07988543000612
07988650000306
07988697000108
07988740000399
07988740000550
07991288000233
07991344000159
07991392000228
07991472000100
07991598000258
07991669000131
07991717000272
07991732000210
07991747000106
07991747000289
07991804001978
07991874000105
07991874000288
07991874000369
07991931000148
07991936000170
07991989000949
07991989001082
07991999000127
07992023000179
07992063000110
07992063000200
07992063000544
07992129000172
07992330000150
07992547000160
07993533000594
07993539000804
07994202000145
07994210000604
07994777000400
07994777006794
07994777006875
07994788000148
07994826000243
07994939000249
07997297000150
07997761000109
07997814000272
07997856000122
07997963000150
07997963000231
07998092003377
07998105000120
07998105000201
07998106000256
07998106000337
07998106000418
07998106000507
07998106000680
07998106000841
07998116000100
07998116000291
07998221000140
07998221000220
07998253000145
07998253000226
07998253000307
07998253000498
07998253001621
07998254000190
07998279000193
07998279000274
07998279000355
07998286000195
07998300000150
07998300000231
07998300000312
07998300000401
07998300000584
07998300000665
07998300000746
07998300000827
07998649000192
07998649000354
07998654000103
07999259000137
07999259000218
07999928000413
08000112000154
08000233000104
08001155000154
08001600000186
08001773000102
08001811000119
08001816000303
08001872000186
08001875000110
08001933000296
08002043000118
08002043000207
08002043000460
08002043000541
08002043000622
08002043000703
08002170000117
08002170000206
08002173000231
08002852000200
08003355000146
08003359000124
08003364001451
08003641000101
08003641000616
08003794000400
08003805000281
08003919000302
08004072000119
08004072000208
08004886000153
08005089000352
08005133000162
08005392000274
08005401000146
08005404000180
08005424000908
08005424001475
08005434000196
08005588000188
08005724000130
08005756000135
08005781000119
08005816000462
08005828000659
08005890000136
08005960000156
08006015000179
08006039000209
08006113000530
08006177000107
08006182000110
08006209000174
08006281000100
08006390000119
08006429000106
08006453000137
08006528000180
08006535000181
08006589000490
08006621000194
08006622000139
08006665000203
08006699000290
08006766000195
08006766000276
08006766000357
08006775000186
08006805000316
08006818000123
08006861000199
08006861000350
08006977000128
08007061000354
08007061000605
08007061000788
08007061000869
08007061001326
08007193000114
08007199000191
08007222000148
08007223000192
08007352000180
08007380000289
08007380000360
08010147000255
08010147000336
08010147000506
08010232000213
08010232000302
08010246000156
08010252000103
08011591000104
08011594000229
08012899000174
08012900000160
08012907000263
08013126000293
08013169000198
08013169000279
08013169000350
08013169000430
08013299004118
08014121000102
08015577000189
08015883000115
08016185000215
08016185000304
08016307000273
08016336000154
08016344000281
08016375000151
08016441000193
08016481000135
08017438000194
08019378000149
08019466000140
08019466000221
08019511000248
08019511000329
08019639000120
08019646000122
08019646000718
08019646000807
08019646001013
08019646001102
08019646001447
08019646001609
08019646001790
08019646001870
08019646001951
08019646002095
08019646002176
08019646002257
08019646002338
08019646002419
08019646002508
08019646002680
08019646002761
08019646002842
08019646002923
08019646003067
08019646003148
08019646003229
08019646003300
08019646003490
08019646003571
08019646003652
08019646003733
08019646003903
08019646004039
08019646004110
08020402000160
08020402000240
08020946000393
08020946000474
08020952000189
08021108000172
08021112000130
08021418000359
08021418000430
08021418000863
08021418000944
08021418001169
08021418001240
08022898000100
08023035000310
08023098000104
08023141000131
08023141000212
08023141000301
08023352000174
08023356000403
08023356000586
08023367000132
08023416000137
08023416000218
08023416000307
08023468000294
08023474000160
08023492000223
08023492000304
08023662000199
08023663000133
08023812000164
08023828000177
08024050000110
08024050000382
08024170000975
08024213000165
08024214000100
08024348000120
08024403000263
08024403000344
08024412000254
08024520000146
08024621000117
08024643000187
08024658000226
08024658000307
08024662000103
08024693000245
08024719000174
08024724000187
08024748000136
08024780000111
08024780000200
08024780000383
08024780000464
08024892000172
08024953000100
08024970000139
08025020000552
08025154000140
08025297000151
08025305000160
08025305000321
08025457000162
08025457000243
08025457000324
08025457000405
08025457000596
08025457000677
08025567000396
08025567000477
08025567000558
08025575000170
08026382000215
08026738000300
08027109000124
08028180000121
08028183000246
08028472000164
08028507000750
08028535000182
08028589000148
08028589000300
08028605000100
08029493000102
08029572000610
08030201000143
08030563000134
08031492000194
08031513000171
08031615000197
08031707000177
08031712000180
08031712000260
08033335000118
08034469000153
08034505000189
08034856000190
08034856000270
08034862000147
08035034000123
08035053000745
08037462000195
08037803000122
08037812000113
08037959000103
08038043000178
08038216000409
08038216000581
08038216000743
08038216000824
08038397000201
08040584000130
08040730000128
08040785000219
08040787000127
08040788000171
08040922000134
08040997000115
08041080000135
08041100000178
08041107000190
08041185000194
08041185000275
08041237000122
08041237000203
08041237000394
08041237000475
08041237000556
08041237000637
08041237000718
08041237001285
08041262000106
08041340000172
08041341000389
08043560000135
08043894000109
08043917000266
08043925000121
08044154000197
08044168000100
08044168000291
08044168000372
08044324000133
08044549000270
08044565000182
08045941000153
08045942000106
08045942000289
08046052000100
08046701000173
08047299000141
08047321000153
08047325000131
08047377000108
08047429000227
08047556000226
08047556000307
08047556000498
08047556000579
08047556000650
08047562000100
08047574000208
08047633000167
08047644000147
08047686000188
08048671000134
08048682000114
08048682000386
08049506000105
08049508000196
08050052000184
08050611000237
08050651000521
08050665000111
08050665000200
08050665000383
08050720000254
08050720000335
08050733001033
08050776000128
08050804000107
08050805000151
08050930000161
08051074000169
08051214000360
08051242000388
08051263000131
08051319000158
08051326000150
08052269000204
08052539000287
08053073000153
08053078000186
08053078000348
08053078000429
08053457000761
08053935000148
08054060000107
08054094000606
08054094000940
08054320000136
08054328000100
08054505000140
08054505000221
08054509000552
08054515000186
08054518000110
08054527000372
08054539000135
08054548000126
08054708000137
08055775000176
08055778000100
08055778000290
08055792000294
08055850000107
08055854000187
08059468000244
08059468000325
08060115000183
08060117000172
08060189000110
08060299000181
08060299000262
08060299000343
08060299000424
08060339000276
08060380000161
08060400000102
08061240000108
08062401000188
08063187000265
08063195000120
08063195000201
08063262000107
08063287000100
08063298000190
08063540000126
08063564000185
08063579000496
08063579000577
08063579000658
08063579000739
08063579000810
08063579000909
08063579001034
08063579001115
08063579001204
08063579001387
08063579001468
08063579001549
08063579001620
08063579001700
08063579001891
08063579001972
08063591000158
08063615000179
08063683000138
08063683000219
08064059000317
08064169000117
08064188000143
08065827000195
08065827000276
08065827000357
08066216000676
08066229000130
08066258000100
08066311000165
08066362000197
08066500000804
08066568000540
08066618000166
08066618000247
08066701000305
08066708000238
08066817000174
08066823000202
08066874000315
08066874000820
08066939000160
08066971000146
08067125000140
08067145000111
08068078000150
08068390000143
08068404000129
08068409000151
08068429000394
08068547000300
08068947000146
08068952000663
08069352000105
08069454000120
08069514000105
08069516000102
08069629000108
08069658000161
08069818000172
08070024000129
08070130000102
08070193000169
08071872000152
08072057000108
08072057000299
08072057000370
08072058000152
08072215000120
08072388000148
08072542000181
08072854000195
08072938000129
08072950000133
08072997000105
08073099000163
08073243000161
08073243000242
08073243000404
08074231000151
08075147000403
08075147000586
08075303000185
08075716000160
08075716000321
08075716000402
08075755000167
08075763000375
08075882000166
08075950000197
08075957000109
08076084000159
08076174000220
08076174000492
08076182000196
08076213000109
08076213000290
08076229000111
08076229000200
08076314000180
08076354000202
08076354000474
08076354000717
08076364000167
08076370000386
08076881000136
08076881000217
08076897000149
08077088000151
08077671000162
08077672000107
08077676000195
08077676000357
08077700000277
08077731000309
08078275000150
08078709000111
08078709000383
08079356000174
08079356000255
08079356000336
08079388000170
08079388000250
08079388000412
08079388000501
08079499000186
08079504000150
08079552000220
08079552000300
08079552000653
08079670000157
08079697000140
08079697000301
08079697000492
08079730000131
08079747000199
08079750000102
08079756000180
08081462000192
08081462000354
08081462000435
08081462000516
08081690000162
08081833000136
08081932000118
08081941000290
08081941000370
08082180000100
08082237000413
08082237001061
08082431000156
08082451000127
08082451000208
08082451000399
08082503000246
08082528000169
08082610000193
08083483000147
08083692000786
08085024000100
08085082000126
08085082000207
08085107000191
08085107000272
08085323000137
08085453000170
08085626000150
08088419000159
08088491000348
08088496000109
08089669000103
08089669000294
08089669000375
08089678000102
08089785000122
08089800000132
08089837000675
08089837001051
08089837001213
08089887000300
08089911000734
08089911000815
08089919000377
08089929000140
08090302000100
08091038000129
08091038000200
08091038000390
08091426000100
08091953000114
08092707000187
08092708000121
08095769000142
08095779000269
08095779000340
08095851000177
08095914000195
08095958000204
08095958000387
08095984000143
08096009000230
08096110000453
08096186000136
08096186000217
08096186000306
08098770000120
08098831000150
08098894000106
08098953000146
08098978000140
08098978000220
08099130000135
08099130000216
08099130000305
08099132000124
08099240000288
08099318000183
08099328000119
08099351000103
08099621000186
08099637000431
08099637000512
08099719000133
08100368000214
08100616000227
08102068000193
08102070000162
08102086000256
08102189000135
08102190000160
08102315000151
08102334000188
08102458000244
08102458000759
08103340000150
08103354000173
08103354000505
08103355000118
08103385000124
08103385000396
08103618000199
08104844000194
08105253000131
08105445000148
08105445000300
08105445000571
08105534000437
08105543000185
08105602000115
08106253000156
08106649000101
08106946000149
08107130000130
08107270000108
08107631000116
08107944000174
08107947000108
08108224000123
08108224000204
08108224000395
08108353000111
08114479000280
08114524000115
08114544000196
08114614000106
08114650000170
08114773000100
08114778000133
08114783000146
08114794000126
08114806000112
08114808000101
08114812000170
08114861000102
08115017000104
08115091000112
08115106000142
08115128000102
08115158000119
08115161000132
08115162000187
08115171000259
08115185000191
08115197000116
08115226000140
08115288000909
08115298000278
08115301000172
08115375000109
08115386000270
08115401000280
08115441000140
08115608000173
08115618000109
08115809000170
08115902000185
08115964000197
08143540000136
08143543000170
08143565000130
08143565000210
08143566000265
08143777000117
08143959000198
08149927000108
08149927000280
08149927000523
08149927000604
08149927000795
08149927000876
08149927000957
08149927001090
08150168000195
08150178000120
08150183000303
08150282000115
08150282000204
08150282000387
08150282000468
08150282000549
08150282000620
08150282000700
08150282000891
08150282000972
08150282001006
08150282001197
08150282001278
08150462000440
08150776000280
08150776000361
08150776000442
08151674000107
08151692000180
08151704000177
08151767000123
08152614000109
08152708000170
08152748000626
08152827000203
08152832000216
08152882000112
08152926000104
08152926000295
08152926000376
08153024000192
08153220000167
08153294000101
08153315000180
08153344000142
08153358000166
08153376000148
08153392000211
08153422000109
08153461000106
08153461000297
08153472000196
08153472000277
08153517000122
08153648000100
08153675000182
08153683000129
08153738000109
08153750000105
08153773000381
08153794000216
08153856000702
08153858000289
08153869000188
08153919000127
08153922000140
08153922000221
08157841000119
08158178000177
08158475000112
08158478000156
08158502000157
08159260000469
08159417000103
08159442000197
08159465000100
08159465000282
08159465000363
08159465000444
08159465000525
08159465000606
08159465000959
08159465001092
08159465001173
08159465001254
08159727000128
08159727000209
08159796000131
08159803000103
08159806000139
08161229000110
08161266000128
08161293000443
08161305000359
08161305000430
08161305000510
08161356000380
08161371000167
08161554000182
08161560000130
08161565000162
08161904000100
08161909000133
08161909000214
08161909000303
08161909000486
08161918000124
08162044000120
08162056000154
08162546000150
08162561000280
08162568000110
08162572000189
08162633000108
08162649000110
08162723000107
08162738000167
08162738000248
08162867000155
08162872000168
08162875000100
08162886000181
08162957000146
08162970000103
08163039000212
08163070000172
08163168000391
08163591000120
08163738000262
08163815000101
08163836000119
08164561000138
08164594000188
08165050000130
08165050000211
08166679000103
08166800000270
08166800000865
08166861000237
08166943000109
08166950000283
08167658000102
08167661000207
08167663000107
08167701000121
08167742000118
08167807000125
08167809000203
08167816000116
08167816000469
08167990000240
08168093000170
08168093000250
08168102000122
08168121000159
08168154000107
08168154000280
08168216000504
08168266000230
08168402000101
08168402000292
08168406000190
08168421000138
08168501000193
08168533000199
08168538000111
08168538000200
08168561000297
08170618000101
08170618000292
08170618000535
08170618000616
08170618000705
08170926000480
08171034000150
08171052000132
08171521000113
08171525000100
08173723000102
08173723000609
08173723000870
08173723000951
08173723001095
08173723001257
08173723001338
08173723001419
08173723001508
08173723001680
08173723001761
08173723001923
08173909000153
08173910000188
08175904000160
08176645000191
08176656000171
08176656000252
08177088000123
08177170000239
08177380000146
08177466000179
08177474000115
08177650000119
08177667000176
08179834000118
08180043000108
08180043000299
08180043000370
08180260000106
08180500000164
08180609000100
08180610000126
08180611000170
08180623000103
08180797000168
08180803000187
08180843000129
08180856000106
08180856000289
08180979000139
08181023000313
08181023000402
08181056000100
08181854000123
08181899000106
08182116000109
08182116000281
08183700000170
08183700000251
08183700000332
08183721000196
08183813000176
08183821000112
08183825000109
08183827000190
08183834000191
08183841000355
08183843000182
08183880000190
08183880000271
08183922000274
08183959000111
08183959000383
08183959000545
08183959000626
08183959000707
08183979000192
08183979000273
08183991000105
08184424000165
08185631000487
08185631000720
08186075000110
08186853000171
08186881000199
08186887000166
08186908000305
08187092000253
08187110000388
08187209000118
08187209000207
08187397000427
08187397000508
08190102000129
08190162000141
08190181000178
08190210000100
08190210000282
08190210000363
08190210000444
08190279000125
08190599000185
08191143000130
08191446000152
08191450000110
08192220000176
08193244000301
08193269000143
08193269000224
08193370000102
08193370000285
08193579000168
08193695000187
08193777000393
08193792000250
08193860000109
08193862000190
08196942000280
08198896000258
08198896000339
08199108000329
08199108000400
08199563000243
08199797000100
08199864000196
08200120000144
08200120000306
08200298000195
08200330000132
08200330000213
08200383000234
08200421000178
08200465000106
08200518000180
08200710000177
08200710000258
08200710000339
08200813000137
08200813000218
08200815000207
08200858000292
08205512000104
08206238000180
08206375000114
08206479000200
08206504000255
08206548000285
08206944000121
08207353000179
08207353000250
08207353000500
08207353000764
08207370000106
08207654000100
08207921000131
08208064000194
08208129000100
08208245000110
08208502000114
08208995000273
08208995000354
08208995000435
08209458000167
08209612000109
08209618000178
08211373000113
08211373000202
08211380000204
08212174000200
08212175000174
08212181000121
08212184000165
08212608000191
08212765000105
08212765002060
08212765002140
08212848000781
08212944000215
08212981000142
08212988000164
08213153000129
08213350000148
08213393000123
08213393000204
08213425000190
08213468000257
08213486000158
08213517000685
08213517000766
08213517000847
08213546000132
08213550000281
08213575000102
08213575000285
08216462000152
08216738000364
08216903000620
08216903000701
08217056000104
08219978000231
08220575000121
08220587000156
08220587000237
08220587000318
08220845000285
08221464000130
08221907000192
08224596000115
08224646000164
08224884000170
08224906000100
08224955000134
08224955000215
08224963000180
08225006000179
08225368000160
08229938000190
08230031000140
08230052000166
08230487000100
08230493000168
08230506000107
08230552000106
08230586000192
08230586000273
08230586000354
08230586000605
08230632000153
08230668000137
08230681000196
08230694000165
08230728000111
08230790000537
08230790000618
08230883000138
08230998000122
08231024000163
08231046000557
08231057000103
08231057000375
08231057000456
08231057000537
08231057000618
08231065000150
08231085000120
08231149000193
08231256000111
08231283000275
08231388000143
08231394000109
08231438000192
08232017000186
08232339000125
08232359000287
08232360000392
08232364000109
08232477000104
08232581000441
08232582000143
08234930000111
08235165000154
08235206000102
08235207000157
08235208000100
08235257000215
08235480000262
08235480000343
08237052000198
08237742000147
08237765000313
08238654013067
08238654013148
08238654013229
08238654013300
08238654013490
08238654013571
08238654013652
08238654013733
08238654013814
08238654013903
08238654014039
08238654014110
08238654014209
08238654014381
08238654014462
08238654014624
08238654014705
08238654014896
08238654014977
08238654015000
08238654015191
08238654015515
08238654015604
08238654015787
08238654015868
08238654015949
08238654016163
08238654016244
08238654016325
08238654016406
08238654016678
08238654016759
08238690000123
08238742000161
08238742000242
08238986000144
08238986000659
08238986000730
08238992000100
08238992000282
08238992000363
08239038000123
08239038000204
08239190000106
08244877000130
08245021000189
08245100000190
08245213000195
08245252000192
08245290000145
08245398000219
08245421000194
08245718000745
08245718000907
08245783000185
08245824000133
08246069000101
08246069000292
08246069000454
08246069000616
08246069000705
08246098000173
08246109000549
08247384000153
08247824000504
08248202000169
08248900000164
08249349000335
08249551000103
08249551000286
08249749000189
08249851000184
08249868000131
08249939000104
08251996000110
08252360000192
08252810000147
08252810000228
08253150000119
08253253001401
08253264000169
08253264000320
08255450000137
08256641000113
08256834000174
08256837000108
08256865000206
08258353000106
08258633000106
08259106000116
08259106000205
08259106000469
08259493000190
08259493000352
08259878000158
08259878000239
08260144000270
08260172000106
08260276000110
08260335000150
08261440000104
08261816000180
08261816000261
08261819000114
08261829000150
08261829000230
08261829000311
08261881000106
08262072000208
08262072000461
08264559000130
08264571000145
08265165000105
08268239000159
08268290000160
08268767000108
08268767000370
08269126000178
08269198000115
08269230000162
08269236000130
08269263000102
08269263000374
08269263000455
08269527000128
08269633000101
08269637000190
08269678000267
08269708000154
08269728000125
08269728000559
08269791000242
08269791000323
08269836000106
08269836000289
08269905000173
08269944000170
08269955000150
08270355000374
08270416000131
08270999000281
08271624000155
08272020000123
08272020000395
08274571000126
08275508000104
08276003000164
08276006000289
08276042000242
08276042000404
08276120000209
08276120000802
08276120001876
08276120002090
08276145000121
08276153000259
08276234000178
08276259000171
08279027000339
08279080000178
08279086000226
08279086000307
08279954000197
08279979000190
08279982000104
08280120000100
08280146000573
08280643000148
08280644000192
08280663000208
08280858000169
08285619000100
08285877000188
08286006000189
08286022000171
08286121000153
08286143000202
08286191000101
08286227000157
08286745000251
08286798000191
08286798000272
08287910000109
08290696000140
08290711000150
08291292000251
08291292000332
08291292000413
08291292000928
08291292001061
08291750000171
08291752000322
08291947000100
08291947000453
08292306000170
08292327000277
08292364000366
08292364000528
08292372000140
08292417000187
08292461000197
08292475000100
08292480001942
08292626000120
08292651000104
08292741000103
08292830000141
08292834000120
08292859000123
08292940000103
08293000000139
08293043000114
08293044000169
08293061000104
08300330000104
08300529000132
08301076000169
08301140000292
08301164000160
08301201000130
08301234000180
08301234000261
08301248000102
08301257000195
08301257000276
08301262000106
08301267000120
08301284000168
08301450001017
08301450001106
08301625000103
08301712000314
08301712000586
08301742000169
08301763000184
08301778001203
08301794000135
08301801000107
08301837000182
08302827000242
08302840000110
08302890000106
08302918000105
08302932000109
08302932000281
08302932000362
08303360000174
08303408000144
08303412000102
08304870000166
08305171000130
08305315000400
08305324000140
08305324000220
08305371000193
08306879000106
08306972000110
08307195000129
08307238000176
08307416000169
08307424000105
08307424000296
08313148000279
08313168000169
08313168000240
08313270000407
08313336000116
08314572000157
08314761000120
08314798000158
08314815000157
08315249000106
08315254000100
08315256000108
08315258000199
08315258000270
08315273000137
08315286000106
08315308000138
08315458000141
08315794000194
08316832000123
08316832000204
08317155000168
08317530000170
08317530000250
08317558000107
08317590000192
08320456000140
08320648000157
08320773000248
08320791000149
08320847000165
08320873000193
08321609000174
08323778000496
08324012000183
08324062000241
08324091000122
08324127000178
08324223000205
08324262000113
08324370000277
08324370000358
08324370001087
08324370001168
08324397000189
08324489000169
08324490000193
08324788000101
08324788000284
08324843000155
08327418000110
08327425000200
08327514000168
08327516000157
08327669000102
08327671000173
08327671000254
08327671000335
08327673000162
08327723000101
08327839000140
08327955000160
08327955000240
08328136000137
08329144000106
08330489000252
08330628000167
08330707000178
08330815000140
08330887000198
08330926000157
08331006000153
08331124000161
08331250000116
08331757000170
08331757000412
08331757000501
08333283000286
08333455000130
08334053000150
08336755000173
08336969000816
08337223000150
08338497000164
08338497000407
08338497000598
08338920000126
08338960000178
08338960000330
08338963000292
08339151000180
08339155000169
08339155000240
08339155000320
08339155000673
08339161000540
08339161000892
08339180000142
08339180000223
08339209000196
08339219000121
08339733000167
08339733000248
08339733000329
08339752000193
08339759000105
08339916000182
08339967000104
08340235000134
08340328000240
08340484000120
08340542000115
08340731000198
08340733000187
08340742000178
08340896000160
08340931000140
08340931000302
08340958000133
08341057000166
08341078000181
08341106000160
08341252000196
08341460000195
08341465000118
08341594000106
08343852000193
08343852000274
08343852000355
08343902000132
08343943000129
08343979000102
08344002000100
08344002000290
08344221000199
08344232000500
08344325000101
08344351000121
08344378000114
08344476000151
08344486000197
08344515000110
08344674000115
08345257000278
08345257000359
08345595000200
08345595000390
08345598000243
08345598000324
08345598000405
08345808000112
08346328000176
08346328000257
08346328000338
08346328000419
08346352000105
08346770000100
08346772000191
08346816000183
08346852000147
08347903000155
08347928000159
08347931000172
08347990000140
08348154000180
08348204000120
08348208000108
08348297000192
08349721000113
08349897000175
08349903000275
08349903000356
08349925000154
08350229000168
08350243000161
08350598000231
08350598000312
08350677000242
08350684000163
08351342000249
08352012000278
08352058000106
08352058000297
08352147000314
08352194000104
08352255000710
08352277000195
08353307000188
08353709000182
08353798000167
08353809000109
08354830000129
08354951000170
08354955000230
08356110000100
08356110000283
08356110000364
08356118000169
08356135000104
08356135000287
08356663000317
08356663000406
08356928000115
08356928000204
08356930000194
08356940000120
08357711000120
08357729000121
08358258000176
08358396000155
08361039000499
08361039000650
08361039000731
08361039000901
08361039001037
08363870000137
08363955000115
08363979000174
08363979000255
08364294000142
08364808000160
08364815000323
08365130000130
08365617000112
08365806000195
08365847000181
08365847000262
08365859000106
08365935000183
08365938000117
08366307000112
08366321000116
08366714000120
08366714000200
08366931000110
08367520000149
08367900000183
08368032000156
08368315000289
08368435000103
08368546000101
08368566000263
08368630000125
08368630000478
08368719000191
08368726000606
08369311000134
08369311000215
08370276000416
08370540000179
08370925000136
08371461000182
08372202000176
08372242000118
08372291000231
08372687000289
08372700000208
08373028000186
08373028000267
08373040000190
08373040000271
08373249000154
08373273000193
08373313000105
08374314000166
08374321000168
08376353000100
08376364000182
08376431000169
08376435000147
08376518000136
08376518000217
08376583000323
08376585000150
08376585000231
08376598000120
08376612000276
08376612000357
08376615000129
08376673000152
08376674000105
08376674000288
08376674000369
08376842000154
08377272000117
08377272000460
08378246000103
08378307000132
08378307000213
08378332000116
08379053000177
08379344000165
08379344000246
08379344000408
08380102000191
08381845000186
08382063000161
08382077000185
08382140000183
08383528000360
08383602000187
08383610000123
08383651000110
08383683000115
08383693000150
08383699000128
08383701000320
08383767000159
08383819000197
08383889000145
08383894000158
08383962000189
08383982000150
08383998000162
08384325000127
08385941000283
08388686000141
08388709000118
08388726000155
08388851000165
08388851000408
08388853000154
08389957000183
08389969000108
08389969000299
08389969000370
08390214000123
08390218000705
08390599000129
08390755000151
08390779000100
08390779000291
08390922000164
08390947000753
08390947000915
08390947001059
08390967000139
08391017000129
08391196000102
08391490000106
08391876000118
08391901000244
08392265000194
08392288000360
08392502000117
08392620000125
08392702000170
08392775000161
08393006000188
08393006000269
08393295000115
08393338000162
08393338000243
08393338000324
08393440000168
08393442000157
08393447000180
08393450000101
08395070000106
08395096000146
08395133000116
08395631000169
08395631000240
08395639000206
08395640000150
08395906000164
08395917000144
08396219000163
08396612000157
08396823000190
08397100000105
08397935000165
08397953000147
08398605000194
08399721000128
08399882000111
08400089000195
08400127000100
08400127000290
08400130000204
08400193000180
08400289000148
08400341000166
08400377000140
08400476000121
08400476000393
08400477000176
08400484000178
08400511000102
08400619000103
08402156000100
08402207000102
08402491000613
08402491000702
08402914000190
08402916000180
08402916000260
08402916000341
08403127000163
08403147000304
08403892000183
08404116000106
08404120000166
08404247000266
08404271000114
08404403000108
08404455000265
08406570000198
08406594000228
08406724000141
08406724000222
08406743000178
08406904000395
08406904000476
08407021000138
08407072000160
08407194000156
08407222000135
08407265000110
08407265000200
08407278000190
08407294000263
08407334000196
08407376000127
08407480000111
08407482000100
08407482000291
08408994000191
08409012000186
08409015000110
08410140000220
08410501000158
08410513000182
08410608000104
08410682000112
08410745000130
08410746000185
08410965000245
08410965000679
08410965000830
08412300000270
08412350000177
08412362000100
08412482000107
08412782000188
08412787000100
08412795000157
08412982000130
08412987000163
08415995000163
08416011000169
08416031000130
08416032000265
08416511000362
08416642000188
08416642000269
08416657000146
08416788000123
08416805000203
08416805000394
08416805000475
08416805000556
08416805000637
08416821000115
08416870000239
08417376000108
08417387000198
08417587000140
08417587000221
08417888000174
08418070000176
08418530000166
08418530000247
08418677000156
08418685000283
08418688000136
08419975000241
08420193000141
08420201000150
08420566000346
08420660000133
08420706000203
08420859000242
08420919000227
08420979000169
08421116000378
08421146000112
08421340000289
08421343000131
08421343000301
08421343000565
08421343000646
08421440000205
08421493000145
08422582000378
08422953000150
08422999000179
08423023000110
08424498000121
08424588000112
08424686000230
08424911000409
08424938000655
08425083000172
08425242000210
08425280000191
08425305000157
08425394000131
08425400000150
08425538000150
08425593000301
08425687000119
08426220000193
08426225000116
08426260000135
08426331000108
08426390000763
08426390000925
08426390001573
08426465000110
08426468000154
08428232000157
08428277000121
08428313000157
08428453000478
08429398000198
08429400000129
08429459000117
08429510000271
08429632000187
08429688000131
08429691000155
08430828000191
08430828000272
08430828000434
08430828000515
08431227000608
08431265000156
08431294000118
08431301000262
08431516000445
08431537000118
08431537000380
08431543000175
08431845000143
08431848000187
08437079000396
08437079000809
08437080000159
08437080000230
08437083000192
08437409000181
08437518000107
08437610000169
08437614000147
08440013000193
08440013000274
08440101000195
08440114000164
08440114000245
08440301000490
08440309000104
08440917000119
08440921000187
08440925000165
08441009000140
08441067000173
08441078000153
08441127000158
08441179000124
08441197000106
08441205000114
08441210000127
08441239000109
08441520000141
08441722000193
08442025000157
08442027000146
08442027000227
08442047000117
08442388000192
08442388000273
08442388000354
08442596000191
08442637000140
08442822000134
08442903000304
08443226000179
08443235000240
08443294000138
08443622000104
08443717000110
08443914000139
08443950000100
08443993000188
08443993000269
08444463000154
08444544000154
08444969000163
08445102000122
08445577000119
08445632000170
08445642000106
08445642000378
08445692000274
08445831000189
08446059000110
08446061000199
08446231000135
08446245000159
08446245000310
08446747000341
08446754000181
08447015000104
08447109000183
08447163000129
08447198000168
08447212000123
08447253000110
08447519000124
08447558000474
08447570000136
08447778000236
08447859000155
08448445000140
08448445000221
08448569000207
08449044000105
08449742000100
08450146000140
08450164000122
08451392000117
08451401000170
08451691000232
08451711000194
08451896000137
08451988000540
08451988000702
08452223000100
08452240000139
08452304000100
08452313000192
08452313000273
08452378000138
08452508000132
08452514000190
08452525000170
08452549000129
08452557000175
08452571000179
08452581000538
08452717000186
08453068000138
08453124000134
08453164000186
08453183000102
08453186000146
08454213000103
08456189000133
08456450000103
08456472000165
08456515000102
08456540000277
08456586000105
08456610000106
08456660000193
08456845000106
08456852000108
08456860000146
08457702000291
08458171000170
08458441000224
08460265000184
08460309000176
08460392000183
08460417000149
08460421000107
08460472000139
08460530000205
08460650000121
08460757000170
08460807000119
08460809000108
08461350000167
08461385000104
08461458000150
08461512000167
08461558000186
08461574000179
08461621000265
08461631000110
08461718000197
08461718000278
08461718000359
08461718000430
08461718000510
08461718000600
08461718000782
08461718000863
08461718000944
08461718001088
08461718001169
08461718001240
08461718001320
08461718001401
08461799000125
08461819000168
08461835000150
08461837000140
08461994000155
08461994000236
08461994000317
08461994000406
08461994000589
08462379000163
08462951000275
08463205000115
08463517000129
08463524000120
08463925000261
08464855000185
08465401000129
08465409000195
08465501000155
08465606000295
08465614000150
08465637000165
08465822000150
08466046000102
08466046000374
08466053000104
08467075000350
08467088000168
08467349000140
08467370000145
08467632000252
08467634000160
08467636000150
08468184000120
08468231000136
08468327000102
08469121000199
08475679000187
08475958000140
08476734000153
08476943000288
08476961000189
08476961000260
08476961000340
08476994000200
08477327000403
08477463000150
08477514000144
08477586000191
08477797000124
08477810000145
08477810000226
08477923000140
08477957000135
08478017000160
08478041000280
08478110000507
08478110000680
08478374000129
08478432000114
08478611000151
08478690000109
08478834000119
08478890000153
08478890000315
08478953000171
08479298000176
08479298000257
08479328000144
08479328000225
08479332000293
08479358000150
08479363000325
08479363000406
08479402000122
08479414000157
08479497000184
08479547000123
08479647000150
08479647000230
08479889000143
08480002000137
08480012000253
08480012000334
08480012000415
08480012000504
08480012000687
08480115000132
08480131000125
08480257000108
08480425000157
08480672000153
08480888000119
08480892000691
08480909000104
08480968000174
08481030000250
08481081000281
08481239000132
08481298000100
08481306000119
08481429000150
08481745000121
08481810000119
08481866000173
08481866000254
08481935000149
08483002000271
08483517000190
08484979000122
08484979000394
08485103000109
08485212000118
08485223000106
08485467000180
08485851000345
08485851000426
08485851000698
08485855000161
08485855000242
08485867000196
08486009000166
08487104000184
08487104000346
08487104000427
08487104000508
08487104000699
08493788000127
08493871000104
08493932000206
08493962000131
08493984000100
08494065000142
08494085000202
08494133000254
08494170000181
08494184000103
08494295000101
08494311000328
08494311000409
08494329000249
08494351000108
08494404000190
08494466000100
08494534000395
08494614000189
08494653000186
08494653000267
08494653000348
08494695000117
08494695000206
08494824000258
08495180000301
08495188000106
08495188000289
08496078000150
08496087000141
08496111000142
08496125000247
08496152000139
08496163000119
08496263000145
08496294000104
08496375000104
08496485000168
08497680000455
08497680000536
08497701000190
08497766000135
08497800000171
08497800000252
08497800000333
08497874000299
08497915000166
08498169000125
08498231000189
08498231000340
08498231000693
08498231000936
08498304000132
08498424000210
08498561000174
08498583000134
08498599000147
08498707000262
08498711000220
08498879000155
08498911000100
08498911000283
08499060000102
08499082000172
08499166000106
08499166000297
08499226000352
08499474000212
08499599000242
08499615000620
08499829000192
08499846000120
08499846000391
08499846000472
08499846000553
08499846000634
08499887000116
08499887000205
08499887000388
08499917000194
08500011000142
08500207000137
08500283000142
08500328000189
08500362000153
08500403000101
08500539000111
08500640000253
08500664000121
08500846000100
08501006000154
08501008000143
08501012000101
08501032000182
08501070000135
08501321000181
08501321000262
08501321000424
08501331000117
08501331000206
08501331000389
08501604000123
08501696000141
08501714000195
08501831000159
08501897000149
08501989000129
08501995000186
08501995000267
08502074000219
08502102000206
08502127000110
08502132000204
08502170000348
08502272000100
08502358000124
08502521000159
08502717000143
08502755000104
08502763000223
08502787000282
08502883000140
08502883000220
08502919000195
08502951000251
08502951000332
08503102000131
08503151000174
08503184000114
08503437000150
08504289000350
08504294001172
08504294001253
08504295000145
08504295000226
08506086000130
08506088000120
08506160002839
08506283000150
08506283000230
08506295000265
08506338000121
08506367000193
08506538000184
08506539000200
08506539000390
08506607000150
08507001000139
08507058000219
08507058000308
08507058000480
08507118000201
08507131000171
08507182000284
08507182000365
08507182000446
08507182000527
08507182000608
08507244000177
08507244000258
08507357000415
08507377000143
08507377000224
08507603000196
08507651000184
08507780000687
08507838000188
08507877000185
08507979000281
08508215000200
08508303000121
08509743000101
08509801000199
08509801000270
08509802000214
08509802000303
08509828000181
08510058000359
08510085000160
08510085000240
08510085000321
08510085000755
08510085000836
08510085000917
08510090000172
08511292000139
08513986000105
08514324000230
08514327000193
08514383000128
08514448000135
08514634000336
08514667000114
08514840000184
08514840000265
08514840000346
08514882000115
08514930000175
08515257000198
08515268000178
08516366000120
08516399000170
08521035000188
08521076000174
08521176000109
08521178000190
08521201000146
08521201000227
08521201000650
08521283000129
08521377000106
08521394000801
08521467000199
08521467000270
08521467000350
08521508000309
08521548000199
08521653000209
08521653000470
08521658000150
08521937000114
08521942000127
08521989000190
08521989000271
08521989000352
08521989000433
08521996000516
08522197000211
08522291000190
08522416000343
08522512000120
08522570000153
08522783000185
08522853000103
08522853000286
08522894000272
08523051000100
08523155000114
08523156000169
08523168000193
08523317000114
08523362000179
08523399000105
08523734000752
08523785000199
08523895000150
08523929000107
08523929000298
08523963000181
08524015000160
08524330000198
08524331000132
08524339000107
08524354000147
08524360000790
08524401000152
08524401000233
08524574000170
08524680000154
08524796000193
08524824000172
08524959000138
08525007000210
08525431000183
08525436000297
08525708000259
08525708000330
08525904000142
08525904000223
08525938000137
08525955000255
08526018000214
08526019000188
08526026000180
08526180000151
08526392000210
08526437000256
08526524000122
08526579000132
08526759000203
08526759000467
08527424000110
08527523000100
08527543000173
08527543000254
08527562000442
08527653001883
08527662000126
08527668000365
08532746000158
08532841000151
08533959000102
08534151000131
08534171000102
08534418000352
08535105000157
08535133000174
08535133000255
08535274000197
08535350000164
08535350000245
08535362000350
08535362000431
08535413000182
08535413000263
08535480000288
08535530000146
08535530000227
08535628000101
08535655000176
08535655000257
08535768000171
08535934000482
08535954000100
08536002000101
08536012000147
08536041000451
08536053000133
08536242000106
08536400000128
08536527000490
08536789000292
08536814000238
08536890000162
08539268000108
08539307000177
08539329000137
08539476000107
08539583000135
08539837000115
08539863000224
08539863000496
08539894000102
08540057000195
08540059000184
08540059000346
08540200000149
08540229000120
08540265000194
08540279000108
08540300000175
08540360000279
08544706000126
08544750000136
08544813000154
08544833000125
08544840000127
08544875000166
08544877000155
08547310000485
08547505000182
08547594000167
08547637000104
08547637000295
08547659000255
08547939000182
08548196000165
08548227000188
08548629000182
08548722000430
08548898000149
08548898000220
08548898000300
08549119000200
08549160000368
08549187000350
08549384000108
08549394000143
08549457000404
08549465000299
08549524000148
08549997000307
08550004000155
08550292000148
08550435000464
08550484000154
08550549000161
08550606000102
08550660000158
08550661000100
08550932000110
08550947000188
08550952000190
08551288000102
08551421000201
08551591000105
08551686000110
08551694000167
08551700000186
08551746000103
08551929000110
08551946000239
08551973000120
08551973000201
08552009000117
08552043000272
08552074000142
08552091000180
08552130000149
08552231000110
08552231000209
08552261000126
08552269000192
08552269000273
08552269000354
08552269000435
08552272000106
08552576000173
08552576000254
08552601000119
08552601000461
08552651000104
08552651000287
08552872000174
08553167000191
08553183000184
08553309000625
08553309000897
08553309000978
08553580000156
08553642000120
08553678000103
08553766000296
08553896000148
08553907000190
08554048000153
08554110000298
08554318000126
08554587000192
08554745000104
08554767000255
08554820000137
08554900000192
08554900000273
08554969000116
08555079000129
08555090000199
08555150000505
08555196000273
08555196000605
08555309000230
08555455000266
08555480000169
08555532000105
08555661000276
08555738000127
08555745000129
08556020000155
08556053000103
08556088000134
08556202000126
08556471000192
08556499000120
08556537000497
08556594000123
08556737000288
08556776000102
08556994000210
08557015000248
08557015000329
08557168000104
08557206000129
08557466000102
08557475000195
08557585000157
08557642000106
08557727000186
08557744000113
08557813000199
08557823000205
08557920000117
08558159000138
08558161000107
08558242000107
08558255000186
08558284000148
08558307000114
08558559000305
08558602000170
08558737000136
08558804000112
08559093000109
08559102000153
08559172000292
08559249000224
08559283000118
08559337000145
08559370000175
08559500000170
08559514000193
08559674000132
08559793000195
08559979000144
08559979000225
08560090000187
08560090000268
08564188000102
08564217000136
08564293000141
08564435000170
08564462000143
08564476000167
08564496000138
08564855000157
08564870000103
08564881000266
08564968000152
08565030000157
08565143000152
08565338000100
08565552000159
08565553000284
08565563000139
08565602000106
08565740000187
08565770000193
08565795000197
08565795000359
08565795000430
08565833000101
08566039000182
08566080000310
08566154000157
08566236000100
08566250000103
08566254000183
08566367000189
08566615000191
08566871000189
08566871000260
08567029000161
08567138000189
08567138000260
08567139000123
08567143000191
08567279000282
08567368000148
08567502000100
08567602000137
08567602000218
08567722000134
08569438000105
08569518000233
08569588000100
08569704000272
08569749000166
08569802000129
08570138000138
08570203000125
08570286000152
08570286000233
08570369000141
08570397000169
08570410000260
08570429000126
08570448000152
08570466000134
08570470000100
08572039000195
08572692000154
08572699000176
08572761000200
08572954000180
08572965000160
08573006000321
08577749000108
08577797000104
08577828000119
08577866000171
08577929000190
08577929000270
08577929000351
08577937000217
08577938000180
08577946000127
08577946000208
08577972000155
08581496000146
08581512000109
08581616000105
08581616000296
08581616000377
08581661000321
08581680000196
08581760000222
08581790000310
08581972000129
08582052000125
08582107000105
08582258000155
08582283000139
08582507000102
08582507000374
08582564000191
08582696000113
08582838000142
08583124000159
08583124000230
08588701000103
08588701000367
08588701000448
08588801000121
08588801000393
08588801000474
08589222000101
08589536000104
08589536000287
08589536000449
08589655000159
08589664000140
08589757000174
08590082000183
08590153000148
08590158000170
08590158000332
08590158000502
08590221000179
08590296000150
08590298000149
08590303000113
08590383000107
08590464000107
08590526000180
08590532000138
08590583000321
08590628000104
08590696000165
08590696000408
08591033000165
08591033000246
08591140000193
08591278000192
08591300000102
08591332000108
08591332000280
08591332000361
08591458000174
08591458000255
08591488000180
08591550000134
08591602000172
08591688000133
08591759000106
08591801000180
08591937000190
08591942000101
08592020000100
08592092000310
08592124000115
08592124000204
08592204000170
08592224000141
08592410000180
08592444000175
08592452000200
08592672000145
08592676000204
08592688000158
08593859000163
08593859000244
08593952000178
08594088000129
08594130000292
08595160000302
08595160000566
08595361000130
08595433000149
08595768000167
08595929000112
08596684000148
08599295000176
08599349000101
08599585000110
08599704000134
08599897000123
08600361000180
08600361000261
08608273000125
08608290000162
08608290000243
08609028000132
08609267000192
08609267000273
08609268000137
08614318000174
08614370000120
08614371000175
08614837000132
08614918000132
08615099000148
08615394000285
08615493000186
08615533000270
08615666000166
08615814000142
08615816000131
08615821000144
08615887000134
08615888000189
08615992000173
08616148000167
08616374000148
08616452000104
08616788000177
08617277000170
08619160000125
08619166000100
08619226000187
08619351000197
08619455000100
08620117000180
08620443000197
08620444000131
08620622000124
08620623000179
08620624000113
08620625000168
08620639000181
08622018000137
08622019000181
08622020000106
08622021000150
08622022000103
08622023000140
08622024000194
08622025000139
08622027000128
08622031000196
08622033000185
08622041000121
08622042000176
08622043000110
08622044000165
08622050000112
08622127000154
08622262000108
08622294000103
08622341000100
08622697000144
08622810000353
08625694000164
08625710000119
08625742000114
08625757000182
08625815000178
08625904000114
08630513000198
08632731000161
08632745000185
08634088000296
08634098000140
08634202000105
08634485000187
08634496000167
08634515000155
08634559000185
08636259000216
08636259000305
08636259000488
08636259000569
08636259000640
08636259000720
08636259000801
08636259000992
08636933000181
08637797000144
08637822000190
08637822000270
08637822000351
08637892000148
08640710000198
08640719000107
08640720000123
08640745000127
08640780000146
08640826000127
08642821000133
08643846000151
08643999000107
08644086000105
08644137000190
08644140000104
08644216000100
08644501000112
08644525000171
08649843000125
08649884000111
08649891000113
08650240000143
08650374000164
08653050000260
08653415000176
08654602000417
08654647000220
08654688000135
08654727000102
08654803000171
08657414000108
08657712000190
08657891000165
08657906000195
08660416000148
08660422000103
08669888000242
08669958000181
08670265000109
08670311000170
08670524000282
08670626000117
08670692000197
08670726000143
08670773000197
08670784000177
08670864000122
08670880000115
08670880000387
08670880000468
08670958000100
08670964000159
08670977000209
08671084000105
08671116000164
08671155000161
08671241000336
08671677000163
08671722000180
08673511000186
08674060000100
08674078000101
08674125000109
08674143000190
08674154000170
08674248000140
08676011000106
08676011000289
08677511000154
08677621000116
08677621000469
08677645000175
08682188000107
08682208000140
08682392000128
08682413000105
08682485000152
08682487000303
08682685000610
08682686000150
08682703000159
08682703000230
08682703000310
08682703000400
08682785000131
08682788000418
08682798000100
08682823000156
08682827000304
08682861000290
08682869000175
08682996000174
08683011000125
08683011000206
08685750000156
08687484000109
08687484000281
08688652000172
08688717000180
08688717000260
08688722000192
08690466000178
08694605000131
08694605000212
08694615000177
08694629000190
08694629000271
08694696000296
08697347000147
08697347000228
08697360000104
08697360000287
08697360000449
08697360000520
08697397000124
08697404000198
08697404000279
08697404000350
08697490000139
08699020000104
08700488000252
08700488000333
08700488000414
08700558000191
08700558000272
08700558000353
08702027000138
08703462000268
08703463000121
08703463000202
08703588000151
08703653000149
08703666000118
08703667000162
08703667000243
08705262000244
08706154000105
08707032000133
08708635000150
08708640000162
08708640000243
08709593000171
08709598000102
08709598000285
08709598000366
08712643000170
08712662000104
08712748000129
08712795000172
08712935000293
08714323000310
08715847000164
08716180000548
08716180000629
08719384000109
08719465000290
08719513000169
08719513000240
08721772000124
08722428000150
08722453000133
08722547000102
08722584000110
08724266000199
08724404000130
08724831000118
08724880000231
08725522000162
08725595000154
08725633000179
08725664000120
08726020000156
08728587000161
08728590000185
08728710000144
08728731000160
08728749000161
08728806000102
08728808000100
08728816000148
08728816000229
08728835000174
08730866000160
08730877000140
08732003000121
08732007000100
08732107000217
08732148000122
08732175000103
08734422000364
08734440000184
08737713000144
08739176000171
08740869000184
08746321000656
08746606000182
08748315000123
08748336000149
08748472000139
08748619000190
08748619000433
08748621000240
08756724000171
08756825000142
08757214000119
08757246000114
08757293000168
08757345000104
08760361000148
08760361000229
08760436000190
08772511000133
08772759000102
08772765000151
08772788000166
08772866000122
08772925000162
08772991000132
08773011000116
08773072000264
08775390000183
08775499000110
08775499000544
08775499000625
08778456000199
08778484000106
08778665000132
08778705000146
08778747000187
08779376000158
08779817000111
08780100000190
08780270000174
08780316000155
08780370000109
08780426000117
08780444000280
08780489000173
08780500000103
08780500000448
08780500000600
08780500000871
08780500001339
08780507000117
08780507000206
08783364000105
08783430000139
08783430000210
08783451000235
08783451000588
08783501000101
08783502000148
08786263000260
08787834000109
08788785000110
08790157000170
08790160000193
08790566000176
08790874000100
08793462000115
08793637000194
08793645000130
08793683000193
08796676000145
08796789000140
08796827000165
08800196000100
08800301000101
08800380000150
08800635000185
08800637000174
08800862000100
08800867000133
08800876000124
08800904000103
08801312000106
08801766000187
08801770000145
08801770000226
08802008000183
08802343000181
08802343000343
08802343000424
08802343000777
08802343000858
08802430000139
08802496000129
08802504000137
08804279000178
08805230000130
08805230000300
08805230000482
08805297000174
08805305000182
08805318000151
08805336000303
08808061000191
08808074000160
08810951000138
08811090000102
08811112000134
08813477000106
08813533000102
08813673000172
08813788000167
08813915000128
08813922000120
08813945000134
08813945000215
08813984000131
08813993000122
08814974000110
08814975000165
08815460000180
08820476000180
08820536000165
08820590000100
08820590000291
08820601000152
08820661000175
08822939000143
08822948000134
08822974000162
08822974000243
08823948000159
08823948000230
08824356003339
08824759000109
08827823000105
08827837000110
08831518000189
08832999000147
08833005000107
08833078000107
08833138000183
08834777000406
08835271000411
08835471000121
08835582000138
08835598000302
08835698000177
08835710000143
08835710000224
08835710000305
08835710000577
08835710000658
08835710000739
08835710001034
08835825000138
08838515000177
08838671000138
08838805000110
08838805000463
08841554000123
08841554000204
08841557000167
08841671000430
08841699000124
08842000000140
08842019000197
08844960000301
08844996000123
08845024000153
08845104000109
08848086000119
08848086000208
08848189000260
08848972000142
08850017000140
08850376000105
08850417000155
08851282000142
08851360000109
08851366000186
08851421000138
08851855000138
08851855000480
08851855000561
08851860000140
08854156000141
08854156000222
08854169000110
08854202000374
08854258000167
08854278000138
08854402000165
08854429000158
08854526000140
08857403000163
08857405000152
08859103000113
08859404000147
08859865000110
08860500000105
08860525000290
08860525000370
08860644000161
08860644000242
08863223000194
08866035000110
08866035000209
08866078000286
08866137000135
08866137000216
08866137000305
08867875000105
08868905000190
08868982000140
08869044000164
08870152000408
08871039000196
08871050000156
08871050000237
08871050000318
08871056000123
08877537000146
08877572000165
08877592000136
08877643001010
08877687000150
08877687000230
08877838000170
08877924000263
08878604000147
08878666000159
08880116000174
08880129000143
08880683000120
08882252000101
08884304000170
08884372000130
08884426000167
08885334000100
08885334000282
08885353000128
08885997000116
08886028000180
08886113000148
08886124000128
08886754000100
08886754000283
08887976000130
08888864000365
08888864000527
08888864000870
08888867000137
08888876000128
08890900000163
08890934000158
08890934000239
08891078000155
08891078000236
08891250000170
08891385000136
08891468000125
08891597000113
08894029000176
08894037000112
08894041000180
08894082000177
08894086000155
08894086000236
08894378000198
08894378000350
08894458000143
08897471000156
08897702000121
08897751000164
08899471000195
08900937000125
08901120000171
08901383000180
08901500000106
08901503000140
08901507000128
08901531000167
08902882000192
08903375000173
08903396000199
08904688000146
08904688000227
08904727000105
08904762000124
08904775000101
08904820000110
08904845000113
08904915000133
08904951000105
08905042000183
08907007000284
08907038000154
08907730000263
08907739000193
08907739000274
08907739000355
08908623000250
08908623000330
08908672000101
08910301000164
08910381000158
08910498000131
08910566000243
08910569000104
08910867000196
08911074000191
08911205000130
08911205000211
08911205000483
08914330000102
08914488000174
08914614000190
08914628000104
08914859000118
08914916000169
08914935000195
08914968000135
08915153000413
08919952000115
08948029000101
08948029000292
08948039000147
08948041000116
08948042000160
08948042000241
08953212000103
08953212000286
08953212000367
08958686000130
08969553000240
08970050000103
08970050000294
08970050000375
08970052000100
08970375000196
08972413000140
08972865000121
08974742000120
08975243000157
08976090000162
08976090000243
08977099000198
08977117000131
08982580000171
08982627000105
08993596000180
08993670000249
08993737000245
08993756000190
08993916000100
08994019000102
08994039000183
08994066000156
08994070000114
08994072000103
08994086000127
08994098000151
08994200000461
08994200000542
08994240000160
08994248000127
08994281000157
08994289000113
08994375000126
08994551000120
08994552000174
08994590000127
08994771000153
08994794000168
08994947000177
08994994000110
08994995000165
08997345000173
08997445000280
09006028000100
09027238000266
09027460000188
09027557000271
09028066000164
09028835000124
09029726000121
09029783000100
09029969000160
09029969000240
09029969000321
09030228000107
09030348000104
09030608000133
09030702000192
09030894000137
09031078000229
09033659000208
09034388000116
09034713000221
09034755000181
09036084000198
09037708000191
09038161000220
09038173000173
09038293000170
09038343000110
09038375000115
09038375000204
09039817000148
09039844000110
09042258000125
09045339000189
09048894000164
09049027000143
09049041000147
09049041000228
09049041000309
09049041000490
09049041000570
09051653000174
09051656000108
09052595000101
09054398000113
09055224000175
09055224000256
09055837000102
09058292000198
09059293000157
09060017000109
09060036000135
09060066000141
09060075000213
09060833000112
09062599000162
09063219000104
09063219000295
09063219000376
09063275000149
09064185000172
09064223000197
09078351000190
09084165000163
09084165000244
09086129000210
09086129000309
09086300000100
09086301000154
09086469000160
09086469000240
09086924000127
09087124000120
09090161000198
09090313000152
09090313000233
09090558000180
09090920000112
09094873000266
09094873000428
09094875000174
09094875000255
09094875000336
09095113000192
09095113000273
09095113000516
09095151000145
09095335000105
09096961000116
09096971000151
09096979000118
09097412000166
09098332000125
09098865000107
09099142000122
09104227000232
09105413000105
09106116000184
09112551000200
09112775000123
09112775000204
09114211000120
09114368000155
09114381000104
09114428000130
09114467000137
09114479000161
09114490000121
09114507000221
09115917000106
09116307000127
09116307000208
09116313000184
09116313000265
09116317000162
09116387000110
09116387000200
09116396000101
09116406000109
09116425000135
09116452000108
09116503000100
09119703000108
09119906000102
09119906000285
09119906000366
09119906000447
09119906000528
09119906000609
09119906000790
09119906000870
09119906000951
09119906001095
09119906001176
09119906001257
09119906001338
09119906001419
09119906001508
09119906001680
09119906001761
09123319000189
09125205000178
09125205000259
09129397000190
09129441000162
09129472000113
09132777000184
09134078000173
09134101000200
09134200000101
09134200000292
09134569000114
09135972000168
09136204000129
09136315000135
09139413000126
09139500000183
09139500000264
09139588000133
09142679000128
09142679000209
09142683000196
09142689000163
09142692000187
09142692000268
09142870000170
09142904000126
09146033000119
09146040000110
09146042000290
09146067000103
09153270000107
09153278000173
09155198000157
09155199000100
09155199000282
09155202000187
09155205000110
09155209000107
09155210000123
09155293000312
09155304000100
09155309000125
09155408000107
09155517000124
09155577000147
09155608000160
09155618000103
09155644000123
09155687000109
09158837000138
09159762000100
09160788000259
09161000000148
09161000000229
09161000000490
09161000000571
09161000000652
09165693000147
09165693000228
09165693000309
09165693000490
09167348000142
09167430000177
09167439000188
09168682000110
09168685000154
09170472000167
09170985000178
09173948000113
09180005000118
09180251000170
09180302000163
09180330000180
09183402000143
09183547000225
09183623000111
09183932000191
09183983000113
09190649000197
09197194000131
09197439000120
09197455000202
09197601000100
09197662000259
09197703000126
09197839000136
09209553000123
09209597000153
09209598000106
09209640000180
09209763000111
09209763000200
09209773000157
09210315000138
09210323000184
09210365000115
09210439000113
09210464000105
09210504000100
09210651000180
09210839000129
09210843000197
09210875000192
09210957000137
09211010000140
09212700000114
09214088000119
09214091000213
09214514000114
09214607000149
09214618000129
09217389000104
09217786000178
09220892000100
09220929000109
09221312000108
09221332000251
09221930000140
09221933000183
09221933000264
09224487000160
09224534000176
09224534000257
09225309000154
09227357000262
09227384000154
09230253000126
09230255000115
09230738000110
09230759000135
09233553000169
09233553000240
09233553000320
09233833000177
09233841000113
09238740000135
09240200000196
09240220000167
09240239000103
09240288000146
09240319000169
09240319000240
09240421000164
09243264000140
09243265000195
09243265000276
09243272000197
09243275000120
09243327000169
09243420000254
09245932000179
09246394000137
09249290000186
09249402000107
09249445000184
09249445000265
09249445000346
09249445000770
09249493000172
09249538000109
09258082000143
09258082000224
09258503000136
09258503000306
09258869000105
09258945000182
09258946000127
09258946000208
09259160000124
09260972000190
09261057000119
09264261000274
09264519000151
09269522000168
09269588000158
09269600000124
09269973000103
09270044000106
09270062000198
09270069000100
09270069000290
09270069000371
09270069000452
09270069000533
09270072000123
09270072000204
09270072000395
09270072000476
09270312000190
09270312000270
09270362000177
09270362000258
09270573000100
09272729000191
09273241000189
09273307000130
09273323000123
09275682000110
09276187000206
09276198000105
09276208000102
09277970000103
09279960000107
09280061000124
09280072000104
09280072000295
09280072000376
09282629000146
09282629000308
09282629000570
09282706000249
09282987000159
09282991000117
09284307000136
09284309000125
09286936000103
09287354000133
09287573000112
09289898000134
09294514000171
09297139000202
09297200000122
09297222000192
09297264000123
09297302000148
09297381000197
09299299000100
09299478000139
09302080000104
09305866000185
09305866000347
09305866000428
09305950000107
09305964000112
09306797000124
09306807000121
09306824000169
09306926000184
09309452000205
09309668000190
09309677000180
09312024000150
09314476000171
09318656000121
09318656000202
09319552000131
09321402000162
09322683000178
09323040000149
09327884000168
09327911000100
09327929000102
09327929000285
09328176000141
09328191000190
09328235000181
09328250000120
09330412000164
09340144000161
09340154000105
09340249000110
09340457000110
09345852000195
09345859000298
09345879000188
09346033000162
09356467000224
09356474000145
09357430000130
09357886000108
09357953000186
09357953000267
09358221000100
09358259000183
09360831000149
09361602000149
09361625000153
09367086000160
09367086000240
09367086000321
09367086000402
09371322000111
09374418000133
09374503000282
09374515000126
09374738000193
09378097000145
09378125000124
09378125000205
09382582000192
09382677000106
09382677000297
09382679000103
09387516000105
09390191000110
09390433000175
09390860000153
09390884000102
09394667000190
09394889000103
09397115000136
09406725000159
09407319000100
09407523000202
09407523000393
09408524000190
09408524000271
09408620000309
09408647000121
09408647000202
09409880000129
09413606000123
09413611000136
09415729000870
09418337000198
09421246001000
09421552001039
09421552001209
09421555000181
09423553000121
09428638000100
09428811000162
09428817000130
09430359000173
09430834000101
09431513000121
09431667000466
09432356000179
09432605000126
09433253000123
09433570000140
09438846000182
09440438000165
09440528000237
09445012000102
09445200000122
09446381000101
09448490000168
09458918000404
09458918001044
09459681000125
09460746000152
09462975000106
09469092000128
09469127000200
09469756000159
09469756000230
09471460000253
09471484000121
09479397000110
09479582000296
09479582000377
09479582000458
09479649000101
09479877000181
09482635000147
09482682000190
09482825000164
09482827000153
09483358000197
09485542000338
09487727000209
09490645000124
09492076000156
09492078000145
09496490000133
09496495000166
09496495000247
09496495000328
09496495000409
09496496000100
09496500000130
09496792000101
09496831000170
09496841000106
09496851000141
09496917000101
09496986000107
09497122000100
09499226000153
09503554000186
09503554000267
09503628000184
09503667000181
09503680000130
09503690000176
09503719000110
09503730000180
09507506000166
09507521000104
09508036000155
09511238000318
09511255000193
09511258000127
09515186000196
09515190000154
09515190000235
09518552000160
09523871000164
09523884000133
09526857000114
09530509000110
09533157000157
09533551000195
09536534000101
09536551000149
09536557000116
09536557000205
09536557000388
09536591000190
09540209000112
09543073000102
09544439000150
09544464000133
09545893000125
09545947000152
09545947000233
09545952000165
09545954000154
09545954000235
09545969000112
09545969000384
09545973000180
09545973000423
09546004000144
09549826000189
09551577000166
09553104000106
09554156000199
09555275000166
09561801000109
09562698000103
09562698000294
09562698000375
09563733000109
09563946000130
09563946000211
09565772000226
09565772000307
09566898000134
09567787000142
09567961000157
09569855000102
09570035000130
09573515000155
09574086000130
09574089000174
09575295000107
09577322000172
09577322000253
09579174000125
09586351000109
09592332000187
09592739000376
09592803000157
09593037000145
09593522000119
09593551000180
09593565000102
09593565000366
09593594000166
09593672000203
09593672000394
09593752000188
09593758000155
09601426000175
09601522000113
09603016000163
09603360000152
09603361000105
09603486000127
09603743000201
09609995000167
09610069000101
09610253000151
09610258000184
09610398000152
09610398000233
09610525000113
09610530000207
09610648000154
09613919000125
09614015000114
09617698000163
09617698000244
09617878000226
09622355000197
09623914000183
09623977000130
09623977000210
09627694000166
09627708000141
09635961000490
09635968001211
09635968003001
09637963000175
09638098000181
09638322000135
09638346000194
09639127000120
09641448000169
09641448000240
09642723000240
09648201000174
09657239000103
09657284000168
09657398000108
09657715000196
09657984000152
09658009000320
09658015000116
09658145000159
09659168000269
09662573000155
09663890000358
09674807000184
09686440000119
09687782000153
09687782000234
09687782000315
09687790000108
09689099000155
09722772000373
09814189000120
10142938000108
10142999000248
10143052000170
10156296000198
10156302000107
10156399000158
10156534000165
10156534000246
10156694000104
10156694000295
10203061000290
10203108000135
10203383000159
10203383000230
10203383000310
10203383000400
10203427000140
10203703000170
10204465000118
10205143000193
10205163000164
10205164000109
10205351000192
10205351000354
10205351000435
10205452000163
10205452000244
10207706000182
10207927000150
10207943000143
10207986000129
10207993000120
10208168000140
10208168000221
10208225000191
10208301000169
10208359000102
10209772000191
10209772000272
10211694000160
10215703000190
10215722000117
10219347000183
10219407000168
10219409000157
10219420000117
10221888000146
10223112000165
10223657000333
10228010000132
10232433000126
10236683000134
10241411000122
10251166000134
10255290000178
10255383000100
10255431000586
10255431000667
10255431000748
10255613000123
10255673000146
10260371000166
10260371000247
10263707000144
10270958000156
10270977000182
10276569000138
10277794000199
10277836000191
10285495000104
10285813000200
10285817000107
10285834000144
10285884000121
10285995000219
10290611000175
10290611000256
10290611000337
10290623000108
10292684000287
10292776000186
10292776000267
10292783000188
10293224000192
10294363000130
10294840000168
10301546000136
10302817000178
10304173000157
10307286000106
10311069000270
10311098000151
10313218000583
10318264000141
10318751000104
10323288000199
10337316000127
10337364000115
10337381000152
10337499000180
10349965000300
10350001000209
10350285000144
10350285000225
10350347000118
10350590000136
10351018000191
10351018000272
10351119000162
10351119000243
10351144000146
10351444000125
10351501000176
10354802000153
10355110000120
10357456000167
10357878000132
10357912000179
10361550000190
10364244000107
10364244000298
10365048000157
10365049000100
10367918000127
10368415000176
10370582000151
10371152000154
10371152000588
10373426000144
10374938000125
10376074000180
10380180000138
10381954000145
10384340000117
10384344000103
10388336000399
10388336000470
10388423000265
10388423000346
10388552000172
10394451000104
10397798000100
10397816000154
10397833000515
10399458000119
10400459000136
10403895000169
10403908000108
10403941000120
10404009000111
10407234000101
10409937000179
10409963000105
10410305000125
10410360000204
10410391000338
10413530000115
10413530000204
10413530000387
10413530000468
10413547000334
10418276000148
10418284000194
10418284000275
10418284000356
10418284000437
10418284000518
10418284000607
10418284000780
10418284000860
10425476000209
10428518000184
10428663000165
10431299000192
10435330000163
10435330000244
10435330000325
10435330000406
10435330000597
10436727000250
10437129000115
10438639000107
10438872000190
10438874000189
10442202000147
10444882000138
10444907000101
10444912000106
10444915000654
10444915000905
10444919000128
10444935000110
10447926000183
10447926000264
10447926000345
10447926000426
10453796000191
10454314000207
10454319000140
10455091000103
10455091000294
10456536000170
10457355000249
10457359000146
10457359000227
10457359000308
10457359000499
10460435000334
10460532000165
10460532000246
10460532000327
10462030000173
10462030000254
10462031000118
10462031000207
10462031000380
10463276000160
10463317000207
10472540000121
10472590000109
10473802000172
10473802000253
10473802000334
10473802000415
10474719000118
10478211000198
10478215000338
10478307000156
10478638000196
10481689000177
10481758000142
10484850000166
10484850000247
10484854000144
10484896000185
10484896000347
10487041000108
10487144000178
10492529000123
10492529000204
10492531000100
10492531000283
10492665000113
10493616000103
10493616000286
10495804000162
10495809000195
10495812000109
10495815000142
10495819000120
10495823000199
10495827000177
10496559000108
10499852000129
10504505000147
10504558000168
10506494000134
10506494000215
10506494000304
10506494000487
10506518000155
10508337000168
10508537000110
10508542000123
10509284000108
10509284000280
10509286000199
10512144000180
10512610000128
10517422000192
10517422000273
10518758000170
10518760000149
10518796000122
10518817000100
10518849000105
10518849000296
10518852000129
10518855000162
10520405000104
10520412000378
10523826000199
10523826000270
10523834000135
10524035000264
10524035000345
10524035000507
10524035000698
10524055000154
10524055000235
10524055000316
10524055000405
10526976000156
10527206000128
10528090000222
10528090000303
10532569000151
10532571000120
10532608000110
10533912000182
10533947000111
10533947000200
10534662000103
10549556000195
10549559000129
10549567000256
10549625000160
10549896000116
10555737000124
10556110000198
10565285000161
10565285000242
10565285000323
10565285000404
10565285000595
10565285000676
10565285000919
10565285001052
10571264000159
10571281000196
10571315000304
10572118000148
10572118000229
10572118000300
10573794000136
10573797000170
10573797000250
10577596000140
10577596000655
10577827000116
10577827000205
10577908000116
10578084000107
10579342000161
10579748000144
10579748000225
10579862000174
10582339000105
10584896000157
10584953000106
10585042000195
10588734000197
10588734000278
10590871000166
10603375000108
10603375000280
10603375005088
10603375005592
10605280000115
10605734000158
10605734000239
10607096000104
10608012000157
10608509000337
10608518000166
10608518000247
10608518000328
10608553000185
10608568000143
10611498000182
10614324000173
10614373000106
10616830000100
10617610000192
10617619000101
10617657000156
10619587000175
10622906000100
10623489000101
10623914000162
10624031000177
10624035000155
10624036000108
10624071000119
10624115000100
10624119000199
10625592000190
10633599000154
10634262000161
10637623000123
10637634000103
10637634000294
10637677000350
10642397000250
10643332000148
10645746000106
10647698000195
10650892000120
10654501000145
10654609000138
10654610000162
10654612000151
10654677000105
10655593000269
10655760000190
10655760000271
10655760000433
10655760000603
10655760000786
10655760000867
10655760000948
10655760001081
10655760001162
10655760001243
10655760001324
10655760001405
10655760001596
10655760001677
10655760001758
10655760001839
10655760001910
10655760002053
10655760002134
10655760002215
10655760002304
10655760002487
10655760002568
10655760002649
10655760002720
10655760002800
10655760002991
10655760003025
10655760003106
10655760003297
10655760003378
10655760003459
10655760003530
10659580000268
10660205000157
10661459000190
10661857000297
10661927000126
10672314000194
10672367000105
10672412000121
10675073000137
10675111000151
10675358000178
10675410000196
10675421000176
10677331000114
10678631000118
10681528000127
10693123000109
10694053000103
10697367000160
10700636000108
10702548000137
10711866000164
10712828000126
10714272000107
10714325000190
10714325000270
10714325000351
10714326000134
10714328000123
10714329000178
10714332000191
10714333000136
10717356000102
10727941000185
10731126000190
10731138000114
10731138000203
10731152000118
10742857000130
10744240000154
10744240000235
10744348000147
10749835000100
10753196000149
10753951000195
10757322000303
10757322000486
10762040000124
10766024000100
10766026000107
10767843000171
10769524000103
10770277000157
10770686000153
10770686000234
10775092000135
10776172000105
10776877000122
10776877000203
10777367000170
10777777000110
10793567000116
10795205000164
10795205000407
10798675000181
10798867000198
10798984000151
10799132000260
10801502000175
10801952000168
10802003000100
10803461000156
10809454000161
10809459000194
10811239000103
10811253000107
10811290000107
10811328000141
10814402000183
10819813000161
10823455000160
10823982000175
10824771000157
10824776000180
10824789000159
10833720000191
10835318000146
10839103000101
10839103000284
10839103000365
10839103000446
10839409000230
10842550000101
10845919000130
10845935000122
10847775000150
10851762000155
10855329000198
10859985000169
10860255000269
10860267000102
10860376000120
10862272000154
10867275000180
10870716000101
10876401000163
10877275000161
10877406000100
10877854000104
10881955000159
10882816000140
10884790000179
10887048000206
10887048000389
10888249000139
10888309000113
10893367000135
10893547000117
10896778000184
10898485000136
10898953000172
10899073000200
10902085000157
10902086000100
10903237000136
10903237000217
10904983000144
10907122000110
10908841000155
10908967000120
10910344000191
10911614000189
10911617000112
10915397000103
10915400000180
10915400000261
10916786000145
10924864000153
10924879000111
10924962000271
10925086000117
10946198000154
10946921000103
10948066000161
10948066000242
10948133000148
10948159000196
10952884000138
10959570000167
10959842000129
10959844000118
10959844000380
10962558000101
10962997000114
10964756000104
10966175000101
10975394000157
10975469000108
10975473000168
10976429000415
10977291000126
10978766000107
10982345000141
10985990000118
10986026000295
10990355000129
10993150000105
10993158000163
10996745000106
10998501000162
10998501000243
10998638000117
11001323000116
11002580000172
11012695000148
11032523000136
11039188000106
11039380000194
11039380000275
11039665000125
11041493000124
11042296000120
11043554000192
11043634000148
11043883000133
11049823000128
11057469000183
11059148000118
11059719000114
11059719000203
11059719000386
11062020000103
11062187000174
11066067000145
11066335000200
11066652000145
11085815000218
11088186000107
11088239000262
11088239000424
11088271000167
11088659000168
11090292000117
11091649000181
11092212000162
11093503000175
11105908000186
11107061000179
11109316000132
11110313000208
11111037000103
11111863000152
11112399000380
11121263000175
11123141000118
11123294000165
11123294000246
11123307000104
11123381000112
11123467000145
11125296000193
11127421000102
11127557000104
11127574000141
11130825000147
11133081000203
11133081000386
11133081000467
11133082000240
11133082000320
11133083000294
11133083000375
11133085000283
11136615000166
11136977000408
11141162000166
11141171000157
11141580000153
11151158000189
11151158000260
11156711000176
11157731000161
11157731000242
11160006000142
11160613000102
11160814000100
11161044000110
11162375000174
11171656000193
11172109000122
11176744000188
11180761000199
11184535000186
11185846000160
11185996000173
11186664000103
11191302000100
11191302000453
11191302000887
11193162000100
11193706000133
11193706000214
11195287000179
11195298000159
11196182000134
11197666000106
11198148000107
11198773000140
11198787000164
11212634000124
11212787000171
11213029000178
11213038000169
11213701000125
11213759000179
11214028000148
11214315000158
11216922000157
11217815000143
11217822000226
11221194000171
11222162000190
11222373000123
11222373000204
11222853000194
11222853000275
11223083000285
11225739000118
11227566000177
11227566000258
11227566000339
11227574000113
11231047000263
11231597000100
11231919000536
11231919000617
11231928000101
11236480000100
11236504000121
11238993000150
11239675000104
11241194000133
11241194000214
11241237000180
11242986000122
11245860000101
11245927000108
11245927000299
11250272000166
11250282000100
11250365000190
11251508000189
11253821000156
11253826000189
11261978000123
11262596000114
11263930000154
11264525000150
11265144000196
11266067000199
11268949000193
11268949000274
11271599000114
11275372000147
11275372000228
11278228000164
11278228000326
11279381000106
11279386000139
11279526000179
11280384000160
11281891000118
11281891000207
11281891000460
11283882000166
11287995000130
11287995000210
11291979000110
11291983000189
11291984000123
11291991000125
11303183000130
11303235000179
11303424000141
11303424000303
11307317000191
11307369000168
11307407000182
11310005000137
11310005000218
11310005000307
11313892000105
11314970000188
11315690000194
11315697000106
11315820000199
11315820000270
11315820000350
11315820000431
11315845000192
11315898000103
11315930000150
11315999000184
11316276000108
11316276000280
11316276000361
11316519000108
11320518000129
11320626000100
11320847000250
11321212000197
11324777000128
11324791000121
11336557000114
11340093000110
11341240000176
11341241000110
11341953000210
11341953000300
11341953000482
11342070000225
11342072000133
11342737000109
11344145000126
11349754000178
11349754000259
11350996000181
11356365000250
11356499000190
11356512000101
11356513000156
11356514000109
11356514000281
11356515000145
11356519000123
11356551000109
11356922000152
11358992000301
11359073000271
11359073000352
11359073000433
11359073000514
11359073000603
11359073000786
11359073000867
11359073000948
11359073001081
11359073001162
11359073001243
11359073001324
11359073001405
11359073001596
11359127000118
11361759000116
11367175000158
11367191000221
11367197000118
11367199000107
11368564000106
11368564000440
11368565000142
11370405000138
11371919000108
11371923000176
11372138000138
11373430000175
11373797000199
11379869000377
11384368000117
11385342000193
11385342000274
11385342000355
11385342000436
11385959000109
11386777000152
11386784000154
11386800000109
11388775000100
11389466000147
11389480000221
11389684000262
11390944000139
11392531000193
11395135000110
11395136000164
11395136000245
11397157000119
11401091000193
11402163000117
11402316000126
11403489000169
11405726000120
11405730000199
11410797000111
11414416000172
11418550000141
11419639000122
11419639000203
11419953000105
11420086000128
11422301000120
11422301000553
11427532000126
11427532000207
11427532000479
11427540000172
11427541000117
11432068000166
11432068000247
11432183000130
11441621000127
11441621000208
11441622000171
11441622000252
11441725000131
11442839000104
11443106000186
11444410000148
11444416000115
11444417000160
11444857000117
11447421000181
11447776000170
11449655000168
11453101000134
11453105000112
11453888000134
11455841000100
11455842000154
11457099000171
11458263000165
11460212000178
11466259000149
11466259000220
11466269000184
11466289000155
11470162000100
11472196000133
11472196000214
11472196000303
11479488000106
11479752000101
11480366000121
11485304000102
11491268000190
11491268000270
11491671000119
11497000000165
11497000000246
11498388000119
11498723000189
11498724000123
11498724000204
11499778000103
11503390000139
11503390000210
11503532000168
11511461000145
11512156000178
11512156000259
11512607000177
11513396000197
11513406000194
11513406000275
11514753000131
11514753000212
11514753000301
11516032000160
11516626000252
11517948000135
11551634000159
11551787000104
11554910000132
11556372000115
11556376000101
11556380000161
11556382000150
11556382000231
11556540000172
11556541000117
11556542000161
11556543000106
11557549000106
11557549000289
11557549000360
11557671000255
11557671000417
11557671000506
11558066000541
11558316000110
11558328000144
11559528000111
11559528000200
11569842000185
11570612000217
11570612000306
11570717000195
11576858000115
11576858000204
11576858000387
11577535000146
11577583000134
11577644000163
11581297000142
11584309000192
11584309000273
11584785000103
11585073000109
11585075000106
11585076000142
11585076000223
11585077000197
11591652000164
11595343000162
11595744000112
11595970000101
11603432000103
11604390000125
11608617000100
11609174000172
11609174000253
11609177000106
11610692000106
11610692000297
11617967000133
11618214000142
11618214000223
11623635000161
11628603000159
11636704000171
11637309000103
11637898000120
11641824000167
11644161000134
11644297000144
11646025000183
11651167000139
11651480000177
11651797000103
11651799000100
11654476000162
11654476000324
11654476000405
11654476000596
11654476000677
11655274000135
11657774000297
11677551000291
11677551000372
11683924000156
11684949000174
11684950000107
11688217000152
11697854000195
11702006000127
11702401000100
11704919000182
11716993000119
11720891000177
11721590000168
11722339000118
11722339000207
11722339000380
11722339000460
11722339000541
11722339000622
11722339000703
11722339000894
11722339000975
11722339001009
11722339001190
11722339001270
11722339001351
11722339001432
11722409000138
11722598000220
11724255000113
11724261000170
11729390000151
11729395000184
11729788000198
11745550000156
11746011000131
11749180000125
11751870000119
11752097000105
11760375000176
11761294000190
11761299000113
11762612000138
11763684000108
11764376000199
11764381000100
11764381000282
11764381000363
11769185000209
11769185000381
11772189000157
11774731000100
11776048000102
11788279000136
11793269000199
11793269000270
11796256000173
11797654000104
11797655000159
11797657000148
11797657000229
11797793000138
11797793000219
11797793000480
11798083000122
11798427000101
11798427000284
11803144000100
11805650000120
11806156000180
11811176000140
11811602000145
11838720000147
11841498000131
11841647000162
11841648000107
11841648000298
11841648000379
11841651000120
11841661000166
11841661000247
11844807000127
11845141000121
11845156000190
11845156000270
11845156000351
11847890000198
11848051000194
11863720000105
11876808000153
11880350000106
11882098000174
11886176000109
11894906000113
11895164000140
11895164000302
11895301000147
11895384000417
11898190000122
11898564000290
11898564000371
11900810000110
11904090000161
11904090000404
11904090000595
11906041000168
11931984000140
11931984000221
11932439000179
11932448000160
11932510000113
11932583000105
11932583000296
11932612000139
11932691000188
11932734000125
11932734000206
11932734000397
11935687000173
11940737000100
11940737000291
11941379000150
11941436000100
11941480000101
11941485000134
11941502000133
11941508000100
11941844000153
11945030000197
11945030000278
11945293000287
11946558000180
11951157000119
11954063000101
11954277000170
11954704000110
11968076000121
11968318000187
11968318000268
11972374000195
11981383000142
11986675000178
11987627000102
11987697000152
11987968000170
11988161000151
11989828000130
11989830000100
11990489000102
11990634000155
11992642000130
11996608000134
11996890000150
11997101000103
11997101000286
11997101000367
12000318000232
12000765000100
12000778000341
12000778000422
12000778000503
12000778000775
12000781000101
12000905000140
12003078000149
12003078000220
12008359000194
12008920000135
12014799000154
12014800000140
12020682000345
12020683000128
12024159000125
12030428000166
12030428000247
12030728000145
12030728000226
12037603000147
12037613000182
12039488000220
12055218000122
12055532000105
12064914000103
12064916000194
12065440000106
12066258000170
12067806000186
12100979000159
12100979000230
12100979000310
12100979000663
12105745000102
12106315000105
12106330000145
12106337000167
12106337000248
12106757000143
12106805000284
12106836000154
12106846000190
12106848000189
12106856000125
12106859000169
12107063000120
12107064000175
12107065000110
12107094000181
12108440000146
12109863000180
12110731000179
12111054000103
12111054000294
12111853000180
12114870000170
12114871000115
12114873000104
12120013000183
12120602000161
12123497000114
12123509000100
12125897000169
12133699000147
12141639000176
12141639000338
12150800000178
12150800000259
12151566000101
12151571000106
12151573000103
12153033000150
12153095000162
12185365000117
12193992000108
12194520000161
12194565000136
12209814000110
12219738000123
12219738000395
12220635000183
12221950000125
12223232000279
12224778000163
12226993000101
12233218000175
12235394000146
12237005000111
12241465000113
12247154000161
12252032000163
12255681000118
12255681000460
12255983000196
12266088000177
12269274000160
12269449000139
12269449000210
12293929000135
12299660000102
12307792000120
12318435000168
12318702000288
12318790000137
12323866000112
12331923000105
12334403000156
12338105000134
12345388000141
12355904000119
12355971000133
12355971000214
12359411000157
12365127000193
12378308000154
12381334000131
12383416000115
12383694000172
12386334000124
12386725000149
12386725000220
12401056000137
12409392000126
12409393000170
12409559000159
12421529000168
12430878000146
12433664000123
12433664000204
12446874000156
12446876000145
12446882000100
12450560000127
12450697000181
12453036000100
12465976000461
12472220000105
12476280000198
12477950000190
12479489000105
12483238000102
12484668000211
12484668000726
12487842000107
12488520000174
12488611000100
12488611000290
12496582000128
12505658000134
12507013000130
12514343000153
12514353000199
12514872000157
12514872000238
12525635000191
12525980000125
12526420000195
12527102000149
12527103000193
12538640000139
12540554000160
12542623000175
12543043000100
12552191000183
12578827000166
12578868000152
12579260000142
12579261000278
12582397000156
12582397000237
12582397000318
12587427000117
12604167000140
12604167000221
12607795000180
12611052000183
12611057000106
12617354000169
12617354000240
12617354000320
12617355000537
12617355000618
12619569000119
12619571000198
12622524000101
12622524000284
12622532000140
12627495000162
12629159000159
12629159000230
12629836000139
12629836000210
12630394000140
12630402000159
12630402000230
12630640000164
12630690000222
12633721000118
12634316000203
12634320000182
12634322000171
12634322000252
12636000000161
12636345000115
12649100000394
12662309000207
12662317000172
12679615000175
12679621000122
12679621000203
12679637000135
12679637000216
12679637000305
12679637000488
12681758000111
12685256000169
12691969000216
12701294000168
12703586000130
12704192000104
12710122000150
12711977000287
12711985000142
12711989000201
12715407000184
12715409000173
12718366000180
12718700000103
12718700000286
12718700000448
12718700000529
12742247000162
12742247000243
12742301000170
12742717000198
12742745000105
12742745000296
12743451000106
12743540000144
12743865000127
12743865000208
12744162000113
12745746000103
12746419000176
12758234000181
12758234000262
12758374000150
12766658000198
12767435000145
12767445000180
12767557000131
12767557000212
12781737000178
12782620000109
12782621000153
12784789000106
12784921000171
12784924000105
12791447000105
12794309000180
12794309000260
12797781000176
12797781000257
12797996000197
12797996000430
12798345000383
12802515000194
12809895000199
12813563000188
12822393000106
12826135000190
12826139000178
12826139000259
12826139000330
12830180000118
12830486000174
12830487000119
12830496000100
12830496000290
12834034000160
12836138000104
12836447000184
12838753000150
12847717000152
12853491000100
12857571000126
12858691000148
12863469000133
12869167000172
12871433000100
12873673000135
12884299000254
12884643000124
12886357000106
12889782000140
12890055000284
12890055000446
12893316000139
12893324000185
12904303000118
12904305000107
12910844000159
12910844000400
12914363000111
12918367000178
12918373000206
12918373000397
12918373000478
12918373000559
12922602000185
12926772000138
12929859000169
12930664000139
12933845000119
12937978000163
12960517000101
12960524000294
12960537000182
12960557000153
12960584000126
12960661000229
12960663000218
12960759000103
12960814000157
12960814000319
12960814000408
12961010000172
12961104000141
12961333000166
12965519000193
12965597000198
12974629000111
12974665000347
12974693000100
12974693000283
12976293000126
12976293000207
12976293000398
12976303000123
12976309000109
12976311000170
12976505000175
12976520000113
12976520000202
12976824000180
12976824000261
12976824000423
12982314000116
12984920000170
12992106000106
12993525000154
12993833000341
12993837000168
12994132000165
12994354000188
12995831000200
12996684000102
13005465000268
13005469000246
13006301000174
13006726000183
13007733000108
13009859000103
13009863000171
13010121000166
13010121000247
13017059000134
13017818000240
13018074000105
13018074000288
13018100000197
13018100000359
13022888000105
13033047000101
13033136000140
13041234000129
13041484000169
13042720000161
13042720000242
13042721000106
13044653000114
13046307000175
13050777000102
13058769000102
13058790000108
13064079000166
13064223000164
13066177000132
13066641000190
13066658000148
13070502000130
13073594000102
13073596000100
13073596000282
13076140000195
13084698000112
13087022000182
13087897000184
13088572000116
13091703000114
13091703000203
13092483000143
13094193000139
13094193000210
13094732000130
13100774000136
13104425000192
13104426000137
13104426000218
13106558000106
13106558000289
13114998000105
13121635000199
13121838000185
13124929000174
13136392000162
13152853000190
13155310000127
13161467000165
13161995000114
13163671000204
13164582000193
13164582000274
13164582000355
13164582000436
13164977000196
13165184000191
13174439000182
13174439000263
13174640000160
13180586000165
13181711000151
13181902000113
13191866000250
13191866000330
13191866000411
13191892000105
13192127000363
13194858000348
13194868000111
13201664000160
13202219000115
13205385000175
13206467000134
13208789000112
13212143000109
13215101000121
13215554000158
13217311000159
13218773000190
13219078000143
13219085000145
13223199000169
13223616000173
13223616000254
13223617000118
13228609000164
13228742000110
13241463000197
13244656000100
13249311000130
13255932000127
13271525000103
13281896000176
13283146000133
13283398000162
13295018000100
13295451000145
13295537000178
13295537000259
13295537000330
13295538000112
13295538000201
13297129000155
13297212000124
13297212000205
13297212000396
13297217000157
13299042000117
13299042000389
13300836000153
13303252000131
13303267000108
13308414000124
13308425000104
13309465000170
13310536000155
13314994000162
13315127000141
13321771000122
13322298000106
13322298000289
13322298000360
13326270000139
13327288000155
13327288000236
13330695000111
13333751000171
13333821000191
13337978000195
13338974000121
13345612000168
13351764000173
13351785000350
13355906000170
13355909000104
13360974000128
13367765000106
13375196000140
13378352000127
13378352000208
13378352000399
13381167000191
13381336000193
13381427000129
13381427000200
13383947000170
13383958000150
13392504000146
13398232000191
13399426000101
13400693000151
13409249000105
13422342000141
13422349000163
13422452000103
13422452000294
13422452000375
13435270000177
13435270000258
13435270000410
13435274000155
13436025000184
13436036000164
13437951000174
13439321000139
13440510000121
13442426000147
13442723000192
13442860000127
13442872000151
13446248000122
13455231000131
13455361000174
13460270000127
13466871000147
13473050000138
13479835000118
13488060000147
13488060000228
13488257000186
13488257000267
13488257000348
13488257000429
13488699000122
13496228000166
13501682000168
13502640000141
13503002000145
13508423000169
13508423000240
13511436000197
13515221000144
13517822000196
13517822000277
13517822000358
13518660000100
13521276000167
13521999000166
13526836000176
13526836000257
13528403000150
13531282000103
13534952000137
13535144000194
13540016000139
13540449000194
13540680000188
13540856000100
13540856000282
13540856000363
13548838000166
13566710000125
13566932000148
13566932000300
13567440000177
13568744000159
13576349000118
13580803000104
13580803000295
13583333000132
13584788000172
13585598000170
13585926000138
13590136000140
13590418000148
13594546000160
13599607000181
13600035000103
13600557000105
13600557000296
13602543000120
13605884000230
13606809000103
13613904000134
13615822000129
13617190000132
13626091000117
13642956000139
13643026000108
13646202000157
13650168000194
13655172000145
13666156000158
13683228000175
13683228000256
13683228000337
13683229000110
13683252000104
13683265000183
13684165000171
13684224000101
13685099000154
13685446000149
13686221000107
13698648000125
13698652000193
13699193000162
13700673000104
13708439000115
13708885000120
13708906000107
13709471000115
13709481000150
13710189000158
13710279000149
13715612000102
13722671000108
13728427000152
13728435000107
13729171000106
13732718000114
13736523000142
13736528000175
13736538000100
13736538000291
13736538000372
13736538000453
13743702000107
13743705000140
13747582000116
13747825000116
13748049000179
13760620000170
13764218000164
13774828000149
13775666000163
13780043000189
13795145000178
13795155000103
13795518000291
13795924000173
13796243000120
13800799000142
13801190000198
13807806000138
13811322000162
13811550000132
13811550000213
13811550000302
13811550000485
13814766000151
13821784000241
13822241000168
13829721000150
13829721000231
13833293000130
13833293000210
13833295000129
13833305000126
13834104000143
13834275000172
13838676000109
13841345000110
13848453000114
13853002000175
13862281000133
13881342000100
13881848000119
13881848000208
13882452000196
13882458000163
13883154000110
13883156000100
13883156000290
13884954000156
13891971000110
13900167000150
13918103000187
13919407000401
13926757000152
13926764000154
13926869000103
13926963000162
13926963000243
13928962000319
13929383000129
13931882000150
13942841000160
13943977000194
13951693000220
13965386000460
13965748000170
13965867000123
13965969000149
13970321000160
13984159000130
13985368000106
13992310000181
13992905000218
13994568000117
13996649000156
14009214000133
14012722000170
14018967000105
14018969000102
14019717000190
14033585000150
14041992000100
14042356000100
14044409000386
14044409000467
14044409000548
14058395000198
14060456000232
14066426000152
14067779000177
14071465000148
14073710000156
14074562000194
14074790000164
14091825000254
14106002000174
14106191000185
14106416000101
14106416000284
14106416000365
14106442000121
14116317000100
14120725000128
14121616000125
14129770000224
14131992000109
14137669000134
14137974000126
14142196000163
14142200000193
14149593000167
14149597000145
14151635000366
14161311000147
14170873000238
14177936000105
14183160000128
14183169000139
14187243000195
14187856000122
14197658000140
14201399000183
14211070000101
14212667000162
14215423000133
14216368000104
14219699000190
14219702000175
14219922000107
14224486000156
14228479000203
14228493000126
14228502000189
14228538000162
14234945000182
14245201000163
14249398000109
14254399000141
14255000000147
14255003000180
14257001000120
14258442000147
14258576000168
14258793000158
14279271000132
14281030000128
14295510000571
14295742000104
14295761000122
14299843000145
14306422000102
14309807000115
14316089000104
14319218000118
14320728000105
14320728000296
14321171000127
14321175000105
14328606000165
14329975000172
14330703000192
14330984000183
14334190000198
14339598000233
14341862000192
14344471000121
14345739000140
14352663000180
14352691000105
14352981000221
14361721000131
14367576000104
14393150000117
14393150000206
14393150000389
14394606000163
14397663000104
14397663000287
14398178000228
14402938000142
14405150000190
14406371000182
14406371000263
14406964000491
14411401000149
14411662000169
14419185000188
14420262000110
14420262000209
14420873000168
14420880000160
14423188000195
14423196000131
14426832000189
14432699000173
14434373000185
14439853000139
14439853000210
14442027000149
14445277000132
14445342000120
14451292000193
14452917000131
14453510000129
14454541000102
14459262000123
14461708000154
14461717000145
14462019000164
14462019000245
14462209000181
14462209000262
14465673000121
14466487000107
14466985000150
14466985000230
14467254000129
14467595000102
14467596000220
14469049000100
14471418000191
14476577000189
14476579000178
14477449000150
14478225000162
14481313000113
14484330000104
14484688000137
14484699000117
14484699000206
14485794000135
14485969000104
14492291000197
14492965000153
14494808000187
14501088000130
14501101000150
14511028000106
14519509000230
14521367000165
14521897000103
14527773000135
14528402000178
14530814000142
14530834000113
14531480000121
14535601000103
14535601000294
14538010000190
14546913000112
14553660000104
14554410000199
14554411000133
14557494000114
14557495000169
14560143000162
14562572000179
14562572000250
14562575000102
14562576000157
14562576000238
14571168000161
14571169000106
14572109000108
14572447000140
14577903000144
14577903000225
14578187000110
14584956000192
14589608000299
14591659000174
14597052000100
14597146000170
14609664000167
14609664000248
14609664000329
14610301000141
14610301000222
14611567000109
14618463000126
14620054000164
14620056000153
14623536000178
14623536000259
14623536000500
14623536000682
14624150000180
14624162000105
14628311000104
14632000000119
14632090000148
14632243000157
14632245000146
14632674000113
14636129000103
14638880000130
14644265000137
14648741000198
14649129000130
14656423000179
14661230000106
14662108000154
14664749000148
14673731000102
14675335000114
14678491000139
14678687000204
14683479000112
14686873000104
14686874000159
14687041000102
14687042000157
14690413000150
14693973000168
14693973000249
14693973000320
14693974000102
14696722000137
14700763000150
14704824000157
14708621000139
14711080000106
14711772000146
14712570000119
14712576000196
14728439002517
14728898000123
14732274000180
14732281000343
14732281000424
14732765000120
14735221000112
14739740000159
14744995000100
14746000000140
14746001000194
14746006000117
14753127000196
14753127000277
14755380000189
14761329000180
14762308000189
14765562000130
14767135000191
14770118000375
14772894000142
14772905000194
14772905000275
14776206000112
14776206000201
14776206000384
14776206000465
14776208000101
14776208000292
14776208000373
14779828000102
14780579000167
14781837000120
14782076000120
14798095000145
14806013000167
14806013000248
14807594000151
14807594000232
14808008000193
14809345000103
14819525000168
14819591000138
14819591000219
14819647000154
14821311000126
14821311000207
14822394000178
14825342000155
14825342000236
14825427000133
14825427000214
14852036000108
14853670000165
14853803000101
14858049000194
14858452000113
14858454000102
14861718000187
14871025000175
14877190000134
14877984000106
14877984000289
14880271000193
14883192000136
14898122000151
14899768000234
14901737000190
14901739000189
14902466000197
14903281000105
14913241000136
14915267000113
14916796000131
14921573000162
14926267000119
14926485000234
14930159000110
14930418000102
14930423000387
14930423000468
14933673000109
14937517000116
14941194000134
14944483000197
14947781000130
14947781000211
14947955000165
14948664000191
14953448000134
14965188000117
14965188000206
14965188000389
14965199000105
14965199000288
14965199000369
14968940000264
14968940000345
14978442000111
14980939000174
14989989000112
14992398000102
14995611000202
14995611000393
14995861000161
14999266000102
15002653000187
15002653000268
15007919000184
15008936000136
15012034000173
15016390000165
15018329000157
15018332000170
15019228000109
15021137000108
15024346000105
15028318000158
15028462000194
15039477000158
15044104000175
15051264000141
15051731000133
15067244000169
15067260000151
15071602000107
15072207000149
15072760000181
15077678000140
15077698000110
15080804000115
15081207000105
15084961000107
15084963000198
15085805000152
15088508000241
15092195000114
15092196000169
15092196000240
15096557000145
15096557000226
15100776000150
15111900000183
15113646000233
15116484000106
15117002000132
15117174000106
15119693000103
15119693000294
15119701000200
15125215000106
15127222000228
15137051000137
15139995000143
15139995000224
15141341000154
15141897000221
15156931000150
15159859000115
15161414000170
15180374000103
15180380000160
15181279000205
15186043000180
15195267000159
15198051000147
15210387000188
15217801000261
15218342000150
15219219000153
15221315000136
15221315000217
15223103000198
15223114000178
15226080000175
15234134000144
15236263000171
15239840000189
15239843000112
15240110000106
15240114000429
15243631000109
15246610000147
15246610000228
15248444000118
15248445000162
15248445000243
15248445000324
15250864000139
15255518000143
15256391000187
15261580000148
15261580000229
15273035000171
15275912000143
15276636000138
15276636000219
15277283000190
15280590000120
15288054000171
15290022000100
15296150000161
15296749000103
15297030000189
15303776000158
15306184000190
15309216000291
15314085000150
15321280000107
15321280000298
15323669000191
15344945000106
15344945000521
15345209000164
15345209000245
15345217000100
15349791000137
15350065000134
15350065000215
15350065000304
15350065000487
15350065000720
15350065000800
15350065001025
15350065001106
15350065001297
15350065001378
15350065001459
15350065001530
15353674000147
15361464000109
15374181000193
15376344000177
15381645000199
15382513000181
15389561000100
15395579000106
15426090000154
15433963000660
15441092000112
15464029000100
15468080000181
15470650000178
15474672000106
15478395000100
15501806000130
15509891000183
15512280000194
15527223000189
15527332000287
15530976000143
15534752000100
15536496000190
15538601000120
15539404000125
15543955000162
15543963000109
15543977000122
15548293000113
15549614000285
15555989000177
15565745000175
15569313000132
15569468000179
15569468000330
15571589000155
15573924000154
15573924000235
15577820000118
15586206000112
15590205000141
15594094000141
15601888000195
15606201000104
15611514000150
15614861000137
15620712000261
15627947000285
15645156000369
15645216000181
15650532000141
15668906000156
15671754000140
15675185000101
15675575000181
15675575000262
15675575000343
15676256000190
15681025000175
15681025000256
15685195000128
15686416000182
15694665000110
15694930000160
15698404000178
15701728000118
15702522000102
15711352000394
15711352000475
15717925000125
15723780000175
15724732000100
15728643000204
15744706000135
15751497000157
15764257000197
15774827000120
15774828000174
15774842000178
15783315000120
15789226000190
15795734000181
15802453000109
15806537000110
15806537000200
15806941000194
15807240000170
15807625000137
15807625000307
15815144000173
15815580000142
15827508000216
15827564000170
15832029000107
15838242000126
15838242000207
15838242000398
15838271000198
15838558000118
15838558000380
15838558000460
15838562000186
15838562000267
15844703000173
15865954000134
15875247000129
16157504000150
16422006000197
16432851000143
16457654000189
16482174000178
16482183000240
16501601000118
16502586000122
16515673000114
16515725000152
16515733000107
16517851000146
16524091001257
16524166000147
16535234000173
16548682000101
16554952000197
16569869000191
16569879000127
16569904000172
16569979000153
16570009000178
16570306000113
16573236000157
16573238000146
16573635000118
16573815000108
16580756000197
16600995000242
16624049000317
16624049000406
16626548000181
16630441000107
16631885000167
16638596000190
16640608000110
16640613000123
16644855000195
16644855000357
16644855000438
16652755000100
16668453000120
16675924000128
16678160000124
16678160000205
16686986000135
16688881000115
16692173000158
16693727000131
16693755000159
16696156000199
16696349000140
16696349000220
16698836000141
16708776000362
16723807000192
16735835000120
16735908000183
16736014000108
16740586000160
16747746000101
16755889000157
16755889000238
16778434000157
16780214000168
16780229000207
16780259000132
16780385000197
16783181000100
16784041000156
16795438000143
16795438000224
16795438000305
16795438000496
16807677000176
16807677000257
16809924000173
16810167000158
16824806000134
16827734000189
16840412000250
16840490000174
16843582000108
16848105000135
16848307000187
16862184000210
16862890000180
16868149000127
16877897000176
16878562000172
16878798000109
16881790000100
16885102000252
16885570000146
16885570000227
16885570000308
16885570000499
16885570000570
16885570000650
16885570000731
16885570000812
16885570000901
16885570001037
16885570001118
16885722000100
16891043000144
16891045000133
16891048000177
16893128000161
16897165000229
16905066000160
16907674000104
16907679000137
16907679000218
16909123000180
16912612000190
16918589000141
16923776000113
16925963000136
16927698000125
16930093000193
16930719000161
16935366000192
16935366000273
16937140000473
16938898000183
16938901000169
16938907000136
16939128000155
16939545000106
16939550000100
16942696000105
16947477000119
16949670000199
16954873000173
16957059000102
16961879000178
16966904000378
16973304000175
16973304000256
16973304000337
16973304000418
16974850000120
16974850000201
16974851000175
16974851000256
16974851000337
16974852000110
16976161000155
16991311000108
16991400000146
17009525000271
17009773000131
17012291000130
17013394000115
17013918000178
17013918000259
17017363000132
17032751000192
17033373000161
17033373000838
17033977000108
17033977000299
17033990000167
17034024000164
17034465000166
17034465000247
17034465000328
17036901000136
17045532000148
17045801000176
17045801000257
17045810000167
17045814000145
17045878000146
17049523000125
17056811000107
17057123000161
17072116000139
17072472000152
17072482000198
17072486000176
17072494000112
17072584000103
17072619000104
17072626000106
17075411000149
17075411000220
17075411000300
17075412000193
17075596000191
17075711000128
17081739000178
17084431000186
17087956000256
17088375000158
17099053000104
17112696000140
17117005000282
17118801000159
17118807000126
17118807000398
17118807000479
17118807000550
17119867000163
17123924000188
17127094000167
17130021000124
17134216000223
17136893000108
17138844000104
17147571000822
17149319000186
17149319000267
17150347000113
17152875000101
17153668000171
17154368000107
17158318000106
17158579000118
17158941000150
17162185000133
17163195000193
17168951000177
17172284000104
17176764000135
17176764000216
17179114000143
17180073000105
17182935000139
17183842000129
17183842000390
17184936000112
17196912000183
17197311000195
17202456000137
17202879000157
17202879000319
17202879000408
17202941000100
17202941000372
17202944000144
17202944000306
17206705000162
17209725000197
17212386000106
17212429000145
17212448000171
17212448000252
17212460000186
17212460000267
17215608000136
17215611000150
17219807000112
17247043000179
17258533000170
17259568000124
17265271000171
17265297000110
17265906000130
17274917000187
17274921000145
17278046000170
17278047000114
17279329000136
17279329000217
17279329000306
17279329000489
17282205000100
17286732000192
17286732000273
17286732000354
17287989000169
17293359000105
17294965000137
17297889000202
17308973000195
17308973000357
17308973000438
17309313000129
17309313000390
17313326001658
17313326001739
17313371000126
17313469000183
17320062000183
17321591000100
17321604000213
17323375000195
17323376000130
17323376000210
17323376000300
17325988000161
17329164000240
17329164000321
17332810000148
17334274000110
17334274000209
17334298000179
17334300000100
17338738000166
17341391000100
17341391000291
17341395000199
17344632000175
17361814000154
17361851000162
17361851000243
17363993000169
17368899000100
17368922000159
17368922000230
17370122000172
17372427000113
17372689000188
17372689000269
17372971000165
17378409000149
17389857000148
17389857000229
17395232000199
17407961000118
17414839000179
17415297000159
17420681000140
17420681000220
17420691000185
17420691000347
17420691000428
17420802000153
17421063000114
17421285000137
17421285000218
17421831000210
17421831000300
17421831000482
17421832000184
17421832000265
17421832000346
17421834000173
17421836000162
17421836000243
17421837000107
17421837000298
17421837000379
17421838000151
17421840000120
17421840000201
17421840000392
17421840000473
17421842000110
17421844000109
17425594000266
17425594000347
17435644000105
17436524000122
17445452000180
17445452000260
17445452000341
17452742000150
17454557000103
17454557000286
17454557000367
17454558000140
17454567000130
17456501000180
17458046000151
17459519000135
17463322000170
17482576000135
17482792000180
17482796000169
17483302000160
17483302000241
17483302000322
17483318000173
17485712000221
17486924000142
17488951000154
17489331000130
17489331000725
17489331000997
17492749000104
17492751000175
17493281000164
17497919000135
17499074000117
17501864000190
17507446000100
17509269000109
17510128000106
17510471000142
17510882000138
17510882000219
17519135000160
17528674000166
17528676000155
17529077000156
17531907000856
17533382000111
17537744000142
17537744000223
17537744000304
17537744000495
17537745000197
17537971000178
17540328000101
17554184000134
17554730000137
17555108000143
17555110000112
17555110000201
17555140000129
17558653000193
17561683000159
17564273000161
17565062000143
17574628000101
17575332000105
17575963000116
17580745000170
17581429000384
17582051000171
17582052000116
17582307000140
17583040000106
17583110000126
17585427000100
17587864000154
17593289000100
17593292000116
17598562000181
17598562000262
17607117000130
17607118000185
17607118000266
17611023000135
17611023000305
17611023000488
17614921000147
17618672000168
17623516000276
17623775000116
17633709000127
17635821000105
17637948000155
17640797000194
17640801000114
17642517000187
17654560000162
17656459000140
17659476000131
17659476000212
17659476000301
17660939000185
17668671000128
17673148000190
17678130000180
17678130000261
17678130000342
17680741000163
17683050000202
17683050000385
17683050000628
17683050000890
17696936000100
17698079000250
17700591000102
17702154000128
17702154000209
17711635000108
17711638000133
17713774000162
17715140000149
17715143000182
17715248000131
17715638000101
17717631000129
17727582000105
17727583000230
17730869000194
17736556000143
17743747000132
17743999000161
17744310000113
17744310000385
17744310000466
17744310000547
17744310000628
17747105000101
17752556000137
17756402000113
17759574000140
17760191000192
17760191000940
17760193000181
17766504000110
17770031000124
17770031000396
17775209000120
17775209000200
17775612000159
17775880000170
17775881000115
17784324000160
17798405000110
17802925000310
17812333000118
17817140000150
17817140000230
17828212000598
17848892000188
17850062000438
17865713000110
17867775000161
17867777000150
17868103000170
17870805000199
17901446000190
17902151000138
17904092000137
17909663000126
17918423000198
17918573000100
17928713000112
17935200000139
17937422000190
17937422000271
17939524000145
17940855000103
17943141000140
17943141000221
17943141000302
17943141000493
17944110000104
17945095000119
17945095000208
17953955000166
17956706000124
17956706000396
17956706000477
17963210000188
17971180000151
17971325000114
17987583000199
17988029000126
18002856000161
18002856000242
18016932000198
18018306000130
18031040000166
18035374000108
18040187000112
18076231000144
18084585000130
18086106000115
18092421000155
18093182000158
18093417000101
18093418000156
18093695000320
18104589000303
18104589000486
18107134000252
18124332000143
18125073000175
18128422000102
18139057000131
18142031000142
18142031000223
18150339000130
18152326000108
18159404000198
18159718000190
18173998000272
18185799000101
18217611000232
18239107000152
18241025000142
18247350000112
18248072000118
18248370000108
18248370000299
18251358000314
18252860000188
18259452000158
18267265000116
18270996000110
18270996000544
18270996000625
18271027000184
18281192000117
18283477000197
18283477000359
18283919000103
18285076000176
18289396000102
18290702000112
18291431000110
18291434000153
18296926000131
18298635000182
18301799000111
18305437000107
18333105000128
18333105000209
18333147000169
18338060000184
18339645000119
18347822000109
18352091000270
18352091000351
18352091000432
18352877000298
18359206000178
18364766000110
18369887000155
18371505000128
18371505000390
18371506000172
18371506000253
18371507000117
18378415000169
18379689000172
18380663000144
18383428000126
18402682000124
18402692000160
18402692000240
18407305000188
18411167000100
18411175000157
18413235000170
18416981000118
18426717000165
18437127000138
18442096000103
18446461000158
18468118000104
18468118000295
18469696000165
18474605000180
18474605000260
18478209000120
18478482000155
18478482000236
18489239000132
18492995000110
18497556000109
18498505000193
18502969000126
18503335000198
18508464000500
18523313000190
18531435000128
18533355000101
18533355000292
18541822000145
18542098000174
18542772000110
18550504000140
18557634000105
18557650000106
18562366000110
18574296000110
18579091000127
18584147000131
18584147000212
18584217000151
18588838000103
18592513000102
18599942000101
18601562000156
18629686000140
18634557000140
18646461000100
18646722000183
18646722000264
18647989000195
18660405000200
18664036000135
18681836000164
18682249000190
18682324000112
18682432000195
18682432000276
18689659000162
18714309000109
18727718000140
18738895000202
18738895000393
18742796000113
18748591000145
18753794000120
18759788000180
18784815000174
18784815000255
18787571000183
18807593000249
18807593000320
18807617000189
18814854000177
18822138000131
18824418000189
18830642000183
18830806000172
18837372000132
18853437000133
18868389000157
18868751000351
18868751000432
18873361000108
18876422000190
18887730000111
18887995000110
18888254000153
18902721000152
18908200000102
18912541000151
18916234000149
18916234000220
18916234000300
18916234000491
18916234000572
18916234000653
18916534000209
18924467000193
18932268000127
18932275000129
18933856000185
18945074000166
18956315000172
18962051000240
18962698000191
18967294000190
18980281000151
18999241000151
18999823000138
19002508000238
19002508000319
19002508000408
19003411000240
19004786000143
19005611000150
19007394000138
19024224000161
19024567000126
19024572000139
19024580000185
19024581000120
19024605000140
19024614000131
19024614000301
19026584000100
19027295000118
19028536000143
19028566000150
19029747000109
19029748000145
19029779000104
19033841000123
19033841000204
19033841000395
19033859000125
19033896000133
19041732000158
19042130000115
19046387000226
19046387000307
19046387000498
19057151000104
19057612000149
19057722000100
19057743000126
19066621000104
19066882000116
19067068000205
19067068000388
19067068000469
19067068000540
19067068000701
19067068000892
19073191000140
19074316000156
19082521000163
19082535000187
19084408000117
19084408000206
19084408000389
19084408000460
19084418000152
19084418000233
19084418000314
19093096000108
19093097000152
19093100000138
19093100000219
19093824000181
19103752000106
19103752000297
19112923000163
19112944000260
19112944000340
19118052000195
19118163000100
19122565000170
19124009000132
19124527000156
19124527000237
19124954000134
19124964000170
19124964000250
19135302000103
19143207000224
19143208000198
19145850000106
19149899000137
19154208000193
19159569000122
19164165000127
19165897000131
19167068000198
19167687000182
19167689000171
19167690000104
19168124000109
19168124000290
19168399000142
19168404000117
19168404000206
19168786000189
19172461000170
19176207000140
19183567000179
19183567000250
19183932000145
19183932000226
19183936000123
19184351000128
19188471000101
19194110000160
19194110000240
19203053000138
19203060000130
19205716000153
19205716000315
19205727000133
19207657000152
19208055000110
19211067000365
19211878000102
19211885000104
19212071000267
19214019000169
19218499000136
19219806000101
19219806000284
19220407000152
19228314000174
19228314000255
19228333000109
19233627000110
19236707000120
19241273000156
19242263000135
19245383000196
19249569000113
19249575000170
19254274000135
19259354000183
19260614000130
19261196000104
19261196000287
19261196000368
19262231000100
19262402000192
19279552000109
19279557000131
19279557000212
19279557000301
19279557000484
19281731000180
19282822000130
19282835000100
19285745000172
19285838000105
19289920000108
19290465000152
19292829000133
19292834000146
19293253000129
19297363000169
19299276000140
19299280000109
19299280000290
19299285000131
19300620000174
19300620000255
19300620000336
19300620000417
19301168000165
19301427000158
19302373000145
19302374000190
19302424000139
19306681000149
19307731000102
19308955000139
19308955000210
19308955000309
19309920000114
19311269000117
19311613000178
19311613000330
19312581000125
19313239000140
19315377000168
19315657000176
19315667000101
19318183000116
19318183000205
19319266000120
19319266000200
19319266000391
19319266000472
19319266000553
19319266000634
19320447000176
19320447000257
19322315000183
19325713000153
19325713000234
19325713000315
19325713000404
19325713000587
19327793000186
19327801000194
19329786000113
19330915000193
19346344000185
19346776000196
19349905000108
19357803000126
19358907000155
19359358000133
19360681000127
19360686000150
19360686000230
19360689000193
19361605000136
19361608000170
19363492000108
19367249000168
19367249000249
19367623000125
19367623000206
19368086000138
19371805000170
19373514000110
19374671000140
19378232000106
19383799000251
19383803000109
19384234000108
19384238000196
19388270000140
19388274000128
19388274000209
19388274000390
19390843000170
19390843000250
19391397000118
19391658000280
19394003000185
19394003000266
19394003000428
19394003000509
19394003000690
19394577000153
19398613000157
19398613000238
19398629000160
19410101000169
19410138000197
19410151000146
19410370000125
19410995000197
19410995000278
19413451000189
19413828000108
19417737000132
19418010000170
19420748000171
19421277000116
19424211000180
19424211000260
19430860000193
19430913000176
19430919000143
19430919000224
19431004000152
19431796000165
19433287000171
19446679000175
19448507000130
19452165000122
19452170000135
19452365000185
19460695000112
19463498000157
19463861000134
19469987000116
19469987000205
19469987000620
19473075000118
19473079000104
19477775000180
19481238000104
19482136000103
19493300000188
19509030000156
19509030000237
19511240000189
19514506000147
19518107000154
19518636000158
19519342000140
19519343000195
19523917000107
19524641000173
19532583000120
19532595000154
19533568000104
19534151000239
19535449000182
19535449000263
19535450000107
19536597000111
19541198000149
19543325000149
19545353000103
19545353000286
19548273000101
19556469000130
19556545000298
19556545000379
19556550000110
19556550000209
19557803000250
19558579000130
19558579000211
19559993000164
19563153000175
19566064000182
19585815000108
19585844000170
19586790000167
19586792000156
19587111000174
19587367000181
19587375000128
19587375000209
19587381000185
19591109000179
19591137000196
19591137000277
19591195000110
19591220000165
19591225000198
19591234000189
19591236000178
19598691000286
19608612000190
19608993000107
19610090000160
19619138000100
19619138000282
19619300000181
19619304000160
19626921000192
19631953000186
19631958000109
19635303000109
19640423000102
19646547000197
19646679000119
19650048000173
19650048000254
19657104000100
19657521000225
19658546000162
19664279000136
19664281000105
19667721000188
19673726000113
19675283000108
19681267000110
19681267000209
19686670000131
19688434000154
19700197000108
19700201000120
19712333000171
19714574000150
19718104000164
19726271000157
19737173000115
19746576000120
19749220000140
19754206000135
19754570000103
19758789000253
19758789000415
19768546000115
19770419000150
19770541000127
19779079000129
19782557000230
19784242000141
19784613000195
19785035000101
19787509000154
19789117000124
19790345000114
19800303000117
19805893000170
19805895000160
19806235000101
19806238000137
19807850000124
19808363000186
19808677000189
19811401000150
19811406000182
19811661000125
19815288000180
19819755000140
19819953000104
19820758000102
19820758000285
19830024000104
19832158000237
19837323000162
19837625000130
19843769000108
19843771000179
19843779000135
19843779000216
19846550000154
19846550000235
19846557000176
19846557000257
19854738000144
19868554000133
19871697000366
19898999000166
19898999000247
19900269000152
19903032000125
19903468000114
19915756000199
19924443000105
19924443000288
19924634000169
19924634000240
19924873000119
19924873000208
19928260000150
19933904000106
19934202000139
19938546000116
19946480000106
19963851000168
19974885000158
19982109000108
19982436000151
19982445000142
20000967000180
20006172000180
20015025000176
20030906000166
20032024000130
20035315000181
20035315000262
20036361000103
20038209000151
20038906000102
20041717000199
20055436000195
20057299000128
20057299000209
20063884000130
20063887000174
20083454000180
20083458000169
20087824000158
20090738000102
20090738000285
20096101000115
20101216000150
20105022000123
20105808000140
20112998000204
20116744000183
20130249000129
20130249000200
20138741000140
20138741000221
20138741000302
20151305000101
20157081000145
20157427000296
20157439000130
20164204000175
20166833000134
20194686000106
20194686000297
20200305000154
20200305000235
20201739000179
20210200000186
20218887000104
20218887000287
20218887000368
20218887000449
20218887000520
20218887000600
20218887000791
20218887000872
20221640000139
20228739000162
20229249000180
20229249000261
20229766000150
20243464000217
20247216000163
20247216000244
20247216000325
20247778000107
20253015000179
20253021000126
20253021000207
20253234000158
20265053000141
20266866000156
20276535000105
20282006000106
20283184000151
20290004000169
20290627000131
20290826000140
20294722000103
20299563000130
20299563000210
20299563000300
20299563000482
20299565000129
20300818000137
20302013000122
20303847000152
20308439000193
20308627000111
20310945000117
20317737000140
20322817000193
20325634000121
20333059000109
20335490000194
20345090000240
20346160000102
20349347000151
20376180000118
20380647000101
20384771000137
20386373000150
20387801000169
20393253000180
20397389000249
20401242000102
20401590000171
20411750000163
20413087000136
20420148000192
20429124000102
20438387000170
20439652000134
20466772000120
20470061000120
20472521000159
20477429000181
20483029000189
20484551000185
20493717000120
20496752000100
20499092000103
20499092000294
20502036000180
20502037000125
20502037000206
20503693000142
20508318000195
20508318000357
20510621000122
20511662000133
20521082000127
20521094000151
20524312000101
20543549000130
20549586000155
20553810000182
20553907000195
20553907000357
20555742000190
20555742000271
20556787000180
20559689000104
20587529000160
20591074000157
20618613000102
20630070000130
20645573000180
20656365000186
20656376000166
20659105000164
20659105000245
20663307000180
20665680000170
20665680000250
20693747000180
20706504000139
20708596000196
20710393000134
20710393000215
20722101000183
20722102000128
20722672000207
20750542000199
20750932000169
20750932000240
20754376000107
20777644000106
20779079000108
20785321000156
20787817000169
20805623000149
20819388000164
20823133000256
20827224000189
20828511000103
20839191000278
20840391000160
20855603000182
20857617000135
20865008000128
20865012000196
20879241000160
20888274000176
20888275000110
20895377000163
20896124000104
20896124003200
20896124003391
20896124003472
20896124003553
20896124003634
20896124003715
20901550000199
20909278000193
20910811000137
20919230000166
20932126000101
20932438000115
20951656000105
20956420000153
20968623000160
20978301000100
20979123000123
20984188000167
20989888000144
20993593000141
21016508000158
21021404000131
21047750000199
21055622000197
21064873000138
21065709000145
21071189000183
21072213000280
21074979000112
21081931000131
21093937000129
21096034000100
21105304000193
21109849000178
21115288000209
21115288000381
21122415000108
21128909000108
21133093000100
21137786000163
21137940000105
21140665000251
21145919000143
21149342000229
21150231000151
21157233000172
21157689000132
21157702000153
21158408000166
21158766000179
21158766000250
21161519000121
21161525000189
21169377000149
21170042000140
21179509000113
21179509000202
21180156000171
21181338000167
21182115000114
21183944000111
21184347000101
21184347000292
21192110000172
21193171000154
21193173000143
21194966000187
21195601000177
21196003000112
21196009000190
21196465000130
21215514000134
21215589000115
21215601000191
21215604000125
21215604000206
21215605000170
21215609000158
21215609000239
21215609000310
21215609000409
21215609000581
21215609000662
21215609000743
21215669000170
21215780000167
21215818000282
21215820000170
21215820000251
21215864000109
21215864000362
21215890000129
21215938000107
21215938000280
21217320000178
21217327000190
21222771000101
21224021000160
21224021000241
21225703000198
21225703000279
21228500000155
21235758000189
21241201000231
21242413000152
21243039000100
21250223000187
21251870000103
21255714000110
21259413000165
21259436000170
21265266000136
21267946000199
21268988000144
21268998000180
21270788000126
21271753000101
21272303000133
21274623000122
21278162000166
21278390000136
21280572000141
21280910000145
21283430000138
21285558000130
21290334000117
21294311000180
21295511000158
21295512000100
21298409000106
21298527000114
21301325000184
21302236000233
21303092000159
21303092000230
21303544000283
21308254000141
21308255000196
21308962000182
21315715000103
21317871000103
21318315000151
21318315000232
21318857000124
21318857000205
21325118000160
21335243000150
21335243000231
21335243000312
21335243000401
21335243000584
21335261000132
21335262000187
21336286000150
21336286000231
21348665000160
21348700000141
21348876000101
21349178000112
21349331000101
21349336000134
21349353000171
21349363000107
21355008000140
21355013000153
21358434000138
21363888000105
21366342000108
21366342000280
21367617000110
21367620000133
21370490000198
21371252000105
21384667000105
21384677000140
21386493000110
21390682000166
21390682000247
21390682000328
21392267000141
21394983000168
21395130000140
21401709000179
21402612000261
21409886000100
21409886000363
21409886000444
21409886000606
21409886000797
21412072000116
21412175000186
21415139000176
21417596000108
21417601000174
21417601000255
21417601000336
21418030000605
21418030000869
21422012000184
21424363000124
21424364000179
21424756000138
21424756000308
21425662000183
21426284000152
21429008000148
21429013000150
21429830000109
21434987000122
21436643000152
21436643000233
21436643000314
21437385000129
21437385000200
21437385000390
21437743000101
21442098000107
21444743000120
21445873000269
21445874000394
21447646000191
21448459000122
21449816000177
21451231000191
21452302000170
21455641000100
21468635000198
21468638000121
21468656000103
21468658000100
21475875000110
21479770000139
21480606000141
21484383000190
21484383000271
21484387000179
21484390000192
21484390000273
21484717000126
21484717000207
21487941000171
21487943000160
21487943000241
21487943000322
21488280000107
21488285000121
21489212000154
21491240000106
21491240000297
21491240000378
21491656000124
21494221000214
21494221000303
21494221000486
21497619000123
21497621000100
21497621000283
21497621000364
21503323000178
21504716000287
21505362000104
21507859000161
21508977000194
21515190000150
21515198000116
21515198000540
21517026000181
21520400000106
21520693000113
21522809000153
21528335000157
21537326000122
21538487000130
21541336000131
21542665000105
21544645000165
21544645000246
21544760000130
21544761000184
21544761000265
21544764000118
21546423000262
21549838000109
21558476000112
21558476000201
21558476000384
21560132000148
21560132000229
21572234000183
21572234000345
21573049000103
21576354000159
21576354000230
21576354000310
21579356000100
21581151000150
21585764000247
21585764000328
21587397000130
21587397000210
21587404000101
21591630000158
21591632000147
21591632000228
21591639000169
21591926000179
21591926000250
21593006000190
21593717000164
21596917000170
21597145000191
21598369000118
21603686000185
21608772000180
21608779000100
21608984000168
21608984000249
21611156000189
21614241000109
21623127000137
21633410000140
21633410000220
21639222000129
21640083000153
21640434000126
21640434000207
21640435000170
21642990000212
21644727000262
21645061000186
21649829000190
21649829000270
21652991000248
21657601000141
21657601000222
21660391000140
21662335000145
21679950000164
21679950000245
21679950000326
21679959000175
21679959000256
21679960000108
21679968000166
21681462000191
21683122000108
21685034000137
21687891000176
21693939000159
21693939000310
21705501000143
21711484000157
21712917000199
21712917000270
21712917000350
21712917000431
21720155000172
21725073000110
21725073000200
21725073000382
21725964000177
21727492000191
21727492000272
21729386000147
21729386000309
21729386000490
21729386000570
21739837000127
21745300000170
21749912000130
21751487000386
21751488000169
21756197000163
21759331000180
21763345000177
21763938000133
21766135000132
21766135000213
21770894000179
21770898000157
21770898000238
21771303000188
21773736000172
21783307000186
21783995000184
21787415000127
21787421000184
21787421000265
21790180000122
21797487000155
21801685000145
21806717000103
21807008000134
21807008000304
21807008000487
21810496000139
21813110000142
21813110000304
21813809000102
21817782000126
21817783000170
21821241000171
21821241000252
21821241000333
21821246000102
21821247000149
21821252000151
21821279000144
21825921000163
21832450000110
21832809000150
21832814000162
21833831000114
21838168000140
21844604000194
21854860000243
21855392000140
21860936000162
21869358000125
21872215000172
21873867000121
21873867000202
21878282000102
21897164000133
21897164000214
21897164000303
21905434000100
21905772000304
21905855000131
21917986000139
21917986000210
21920994000215
21921891000199
21936283000158
21938155000143
21939540000105
21939540000296
21939540000377
21940896000169
21940896000240
21940902000188
21940906000166
21943993000296
21943993000458
21943993000539
21943993000610
21945360000136
21945426000198
21945426000279
21945426000350
21945426000430
21952545000178
21952545000330
21953019000122
21953020000157
21953185000129
21958859000188
21959458000142
21967002000124
21967014000159
21971732000280
21975041000173
21975041000254
21975751000101
21975751000284
21975751000365
21980785000186
21980788000110
21980790000199
21994909000182
21994909000263
22000048000132
22006268000173
22011719000160
22012019000190
22026294000163
22032076000131
22032076000212
22032076000301
22034084000117
22054697000205
22054697000388
22054697000540
22055377000180
22059979000106
22062573000182
22065054000178
22069882000184
22069954000193
22105129000105
22106160000152
22107598000155
22114976000128
22115432000180
22129986000137
22140075000100
22140079000199
22140084000100
22141842000104
22144956000108
22157186000120
22161516000150
22161516000231
22171572000176
22177179000190
22177200000157
22181514000123
22181519000156
22184506000130
22185005000179
22199364000185
22203508000120
22217195000169
22224583000177
22230978000182
22234128000152
22234130000121
22249622000190
22257670000120
22259083000170
22263195000286
22284008000160
22305225000199
22333715000107
22342753000118
22352521000140
22356555000103
22360660000116
22374286000108
22374295000107
22374295000280
22374295000360
22377336000100
22377346000146
22377346000227
22400819000189
22402695000170
22416750000181
22417883000172
22418250000189
22418252000178
22418252000259
22418252000330
22418252000410
22419415000137
22419833000124
22429848000173
22429848000254
22429848000335
22429848000416
22429877000135
22430328000180
22448841000107
22449584000110
22456372000160
22458872000130
22464676000179
22464679000102
22467754000199
22475365000105
22479124000134
22484168000152
22485846000100
22489271000195
22491285000143
22491285000224
22491285000305
22493782000180
22502046000141
22502046000222
22505612000250
22506487000111
22508902000176
22508902000257
22508902000338
22516159000104
22521214000146
22525453000174
22531186000229
22532836000170
22536487000164
22543379000119
22544976000168
22544979000100
22545373000180
22553704000124
22565498000172
22567173000200
22575247000179
22576619000181
22579910000103
22585059000121
22588643000130
22598020000220
22606520000185
22611767000190
22619403000156
22619403000237
22619403000318
22620091000109
22624138000102
22627631000178
22633537000121
22638250000194
22638250000275
22638250000356
22638518000198
22651261000104
22656070000135
22656070000216
22664184000127
22670346000130
22670677000170
22673940000184
22674988000107
22730321000184
22731357000182
22734833000119
22734838000141
22739157000176
22749883000170
22754572000107
22758560000142
22761080000130
22761091000110
22763612000179
22765527000140
22775028000133
22775285000175
22776986000129
22789673000105
22790251000150
22800086000170
22805164000129
22805164000200
22805169000151
22811146000150
22814011000148
22814011000229
22814011000300
22850247000130
22864936000101
22873246000100
22901597000188
22904599000120
22904599000201
22906675000137
22907191000102
22914383000146
22915308000108
22916353000179
22916354000113
22920993000152
22930290000105
22934306000158
22950838000189
22950838000260
22958184000130
22962305000117
22970498000158
22970790000170
22978504000113
22988041000170
23003070000107
23015455000186
23036929000176
23040083000148
23050436000190
23063477000111
23064904000186
23065671000217
23069390000151
23073089000200
23073092000216
23081481000102
23086209000115
23100430000180
23103834000128
23106641000120
23109225000186
23112489000199
23115999000110
23118883000134
23147584000128
23148408000100
23152376000117
23154866000152
23154866000233
23158886000100
23160182000163
23173019000135
23173019000216
23173385000194
23174088000163
23209473000107
23214965000182
23233457000141
23242479000178
23251040000101
23251040000292
23251543000187
23258278000240
23258565000179
23260838000110
23260841000133
23260841000214
23266552000141
23266910000116
23267406000483
23288042000175
23289128000112
23294439000170
23297851000143
23304933000178
23304933000259
23304933000330
23305575000118
23313769000165
23331819000137
23345633000137
23361490000157
23362897000107
23376614000178
23389814000165
23392990000156
23393868000102
23406323000185
23406324000120
23416382000134
23424235000106
23431178000192
23432687000210
23432687000300
23432687000482
23434948000150
23436137000350
23436138000133
23436507000198
23436842000196
23437938000179
23438368000131
23441303000145
23444195000164
23444195000245
23444470000140
23444470000220
23445834000106
23446456000185
23447321000134
23450278000166
23450289000146
23459497000106
23470854000137
23474295000214
23475426000105
23476861000146
23478416000115
23478417000160
23478418000104
23493683000161
23493683000242
23505348000136
23505384000108
23505440000104
23505440000287
23505799000173
23509025000110
23510085000153
23510876000183
23510876000264
23510876000345
23510881000196
23510881000277
23510881000358
23511293000177
23513186000188
23516026000192
23518794000185
23518807000116
23520259000754
23520259000835
23521026000180
23525365000135
23527838000133
23538034000130
23538034000210
23538286000169
23538290000127
23547059000361
23551133000151
23551133000313
23551133000585
23552948000155
23552948000236
23554292000100
23554492000162
23554499000184
23554499000265
23554499000346
23554506000148
23554507000192
23554727000116
23554729000105
23559828000180
23561899000117
23563019000141
23565259000185
23570649000143
23570649000305
23572740000106
23573265000184
23573265000265
23573265000346
23574843000105
23575856000190
23577541000182
23577864000176
23578091000142
23584281000172
23589857000194
23589857000275
23589857000356
23593136000158
23595189000299
23595193000176
23599722000100
23605459000114
23606860000179
23607194000193
23608388000103
23608513000185
23611752000194
23615296000150
23615296000231
23616156000105
23616157000141
23616649000137
23616649000218
23617121000182
23617121000263
23617231000144
23618004000133
23618004000214
23618004000303
23618207000120
23622026000177
23622398000101
23622450000545
23622450000626
23623212000120
23632514000165
23634778000158
23639442000188
23639445000111
23639447000100
23640748000154
23642307000191
23647193000172
23647556000170
23647556000250
23649687000196
23654390000119
23656348000137
23656348000218
23658935000165
23662301000186
23669587000121
23676763000233
23681071000100
23681072000147
23681079000169
23682696000189
23683070000197
23684980000194
23686756000131
23687493000185
23687830000134
23689901000138
23693221000198
23693224000121
23693224000202
23693224000393
23693225000257
23694370000171
23694377000193
23694378000138
23696179000169
23701275000158
23701854000281
23704764000163
23706250000147
23707475000118
23712838000103
23713247000150
23727678000176
23727682000134
23727682000215
23731648000133
23732403000120
23733123000137
23734989000162
23734990000197
23735311000102
23736558000135
23744285000170
23744564000134
23744952000115
23744952000204
23745107000164
23745114000166
23745463000188
23750393000156
23752663000168
23757700000201
23758701000190
23761255000253
23761256000117
23761256000206
23762804000395
23762806000112
23773509000172
23775660000140
23775660000220
23779672000142
23781556000168
23782148000120
23788171000122
23788171000203
23791433000370
23791433000450
23796492000179
23796492000250
23798269000160
23799799000123
23801923000148
23802214000187
23802214000268
23802489000110
23802491000190
23803411000110
23803411000200
23803662000103
23803662000286
23805850000162
23806076000104
23810264000106
23814102000146
23814102000227
23814102000308
23817520000197
23818816000122
23818840000161
23822473000170
23822574000140
23823361000133
23823635000194
23825019000172
23830726000157
23830919000108
23834407000110
23839916000135
23842124000110
23843213000180
23847267000114
23850509000129
23851349000132
23852095000177
23853866000140
23854683000140
23854818000177
23857328000124
23857679000135
23857679000216
23860609000136
23861538000196
23863078000135
23863080000104
23867356000122
23869404000111
23871552000170
23871555000104
23873256000109
23875480000130
23875614000112
23875616000101
23878307000195
23879348000104
23880633000137
23888418000182
23889151000148
23889401000140
23891502000155
23891502000236
23891560000189
23891561000123
23893593000168
23893743000133
23894451000204
23895131000180
23895182000101
23895183000156
23921564000162
23921775000103
23921775000286
23921775000367
23923397000199
23923404000152
23927094000144
23929138000175
23929141000199
23930074000122
23930200000149
23930345000140
23932000000125
23932893000109
23937017000175
23942597000199
23946942000162
23950766000213
23951070000120
23952232000145
23953837000150
23955828000107
23958401000235
23966934000188
23967788000105
23971189000165
23971191000134
23977178000192
23977178000354
23981837000164
23998448000141
23998557000169
24006767000196
24006767000277
24011087000160
24011087000241
24011854000131
24011854000212
24011857000175
24015979000130
24034474000112
24040327000155
24045715000129
24045717000118
24045728000106
24045903000157
24046132000112
24046288000101
24046288000284
24053231000121
24062496000196
24068583000150
24068588000183
24069773000192
24070170000100
24072166000181
24073193000179
24080769000125
24082311000105
24082311000296
24083117000144
24083120000168
24083120000249
24083120000320
24083122000157
24085054000165
24090825000102
24090825000293
24090825000374
24090825000455
24091168000118
24091168000380
24092361000173
24095508000189
24095875000182
24095875000263
24100326000159
24103439000108
24104197000177
24105022000184
24105224000126
24105224000207
24105500000156
24107694000129
24111777000191
24118972000143
24123909000103
24123914000108
24123914000299
24124357000140
24128022000108
24137377000155
24137377000236
24137892000135
24138177000117
24138177000206
24143576000176
24153783000101
24153783000292
24153783000454
24154533000196
24154533000277
24154533000358
24154533000439
24156349000185
24156349000347
24156349000428
24156881000100
24163857000190
24178682000195
24181766000188
24183413000117
24185532000109
24185532000451
24196169000127
24196171000104
24196979000183
24197190000147
24201946000184
24201952000131
24202263000141
24202267000120
24204145000172
24204452000153
24206871000124
24211110000160
24211110000241
24219175000152
24219181000100
24222627000155
24222633000102
24222633000293
24222633000455
24222633000536
24222633000617
24224034000128
24224447000102
24232729000151
24234066000104
24234066000295
24234412000154
24243197000158
24245186000107
24245662000190
24245662000270
24245667000112
24245668000167
24249647000110
24249662000168
24251420000109
24251420000370
24254833000147
24259180000199
24262657000195
24272462000126
24276322000126
24276322000207
24276905000157
24283052000180
24283052000261
24285336000106
24285336000297
24285721000153
24285721000234
24289752000182
24293428000138
24297941000105
24297945000185
24298826000228
24299832000208
24301888000160
24308296000170
24311275000104
24316223000120
24316565000140
24321953000381
24333896000199
24336880000130
24336880000210
24336882000129
24342622000328
24346433000242
24348378000149
24348378000220
24348378000300
24348382000107
24348382000298
24357950000136
24357950000217
24357950000306
24357950000489
24360982000190
24364764000205
24368697000116
24372680000132
24372680000213
24373948000150
24383468000170
24388088000129
24388088000200
24389680000145
24389680000226
24396115000105
24407604000115
24409209000171
24409209000252
24409548000158
24426958000107
24426958000379
24426958000450
24426958000530
24442181000174
24443763000175
24446243000116
24446243000205
24457537000143
24462693000100
24465630000108
24468762000266
24491692000186
24494922000160
24499227000191
24499227000272
24499229000180
24504530000135
24507326000259
24507332000125
24510227000145
24510785000100
24520972000175
24521311000164
24526023000100
24535903000135
24544309000100
24544309000291
24544309000453
24544309000534
24544319000227
24544319000308
24544319000499
24544326000148
24544326000229
24544326000300
24544326000490
24544359000198
24544503000196
24548648000165
24548651000189
24548654000112
24551843000144
24557853000197
24562564000186
24567742000161
24569413000150
24569906000190
24570630000160
24573043000124
24579479000120
24579647000188
24584444000180
24584444000260
24584444000341
24587431000164
24587824000178
24592259000137
24592259000218
24592259000307
24599882000200
24601921000178
24601921000259
24604857000189
24605623000156
24605623000237
24605623000318
24606563000196
24612298000159
24612298000230
24612298000310
24618524000109
24620729000129
24625987000106
24631316000140
24632419000124
24632419000205
24634978000173
24634981000197
24634985000175
24646318000102
24648567000137
24649413000321
24649413000402
24650156000186
24652529000158
24655552000104
24655552000287
24661028000138
24667001000152
24681571000105
24693999000160
24695531000104
24695531000295
24699327000161
24701987000130
24706242000163
24706628000175
24710362000134
24710372000170
24711258000164
24711258000245
24713526000349
24716202000100
24722317000108
24722317000280
24726113000137
24731679000157
24731679000238
24738966000199
24744598000191
24744601000177
24744601000258
24764122000112
24764859000135
24766670000181
24766670000262
24775098000117
24777919000154
24780080000103
24780081000158
24796627000169
24797583000191
24797584000136
24798438000125
24798442000193
24798444000182
24805407000235
24805407000316
24807333000195
24807333000276
24807333000357
24808188000671
24810385000382
24813090000106
24815309000106
24819210000174
24819210000255
24819216000141
24819218000130
24819572000165
24819572000246
24819572000327
24819572000408
24819572000599
24829712000186
24836824000164
24836824000245
24849928000103
24868855000105
24868858000130
24870540000194
24870817000189
24873519000142
24889414000181
24889414000262
24892808000199
24892808000270
24898873000121
24916177000109
24917790000132
24917790000213
24917790000302
24920321000172
24920321000253
24921441000194
24921441000437
24921442000139
24925341000136
24929742000164
24940331000250
24940331000331
24941052000120
24951116000174
24955415000187
24955615000130
24955615000210
24968264000100
24969700000157
24970661000108
24971110000169
24971110000592
24971110000673
24973008000100
24973702000110
24974090000180
24977081000304
24980994000118
24983788000161
24997045000221
24997268000108
25000948000178
25004541000119
25006622000158
25015158000166
25015158000247
25028616000100
25029525000180
25048568000103
25051504000161
25054650000140
25059573000111
25061361000179
25068888000125
25078846000175
25079008000116
25081556000180
25086278000154
25093826000173
25093826000254
25101865000175
25113114000179
25122741000257
25122741000338
25122742000200
25122742000382
25131461000124
25132474000118
25132474000207
25135520000132
25136100000170
25155646000179
25170552000179
25196202000181
25196202000262
25201495000148
25204361000180
25214017000172
25216635000151
25218243000121
25218243000202
25221122000139
25230222000202
25234823000102
25236374000131
25252729000186
25257501000189
25261867000121
25267890000123
25268896000115
25270148000177
25281633000227
25281955000195
25282618000201
25288547000165
25292180000153
25292523000180
25298002000130
25298777000105
25302273000111
25303351000100
25303361000219
25303361000308
25305837000170
25321742000140
25321742000220
25322771000126
25333880000149
25355524000126
25356367000173
25370577000116
25380804000194
25380804000275
25380807000128
25380810000141
25380810000222
25398487000133
25403991000184
25406527000141
25408801000111
25408801000383
25421961000109
25453266000110
25453570000249
25464061000130
25465240000192
25526266000101
25529139000158
25529139000239
25529987000167
25975457000142
25975457000223
25975461000100
26023826000160
26025156000110
26028144000140
26028144000220
26030704000109
26030928000102
26043012000197
26043012000278
26043012000359
26043012000430
26056253000170
26058458000195
26058469000175
26060341000146
26062645000142
26071934000108
26082028000290
26092269000139
26114311000175
26114646000193
26117210000158
26131883000162
26132221000107
26134066000168
26135214000169
26142889000135
26149288000154
26153065000160
26159520000135
26163165000178
26163167000167
26163521000153
26169595000105
26172596000109
26172596000362
26172596000443
26174168000107
26174168000298
26174172000175
26175614000106
26177955000102
26177958000146
26178215000190
26178215000271
26180508000102
26181942000107
26186724000165
26192775000108
26192775000280
26196066000192
26196066000273
26196069000126
26196069000207
26196407000120
26196407000200
26197118000145
26197118000226
26197118000307
26197273000161
26197273000242
26197273000323
26209464000104
26209464000287
26293599000192
26293630000195
26293665000124
26297014000293
26297019000135
26297610000192
26297934000120
26300993000100
26301735000149
26301735000220
26301736000193
26302548000180
26302548000260
26304760000186
26304760000267
26304760000348
26306966000145
26308033000197
26309168000177
26323989000168
26323989000249
26329651000113
26329665000137
26329851000176
26330263000152
26330267000130
26332923000134
26332923000215
26332928000167
26332928000248
26332928000329
26333380000170
26333391000150
26334587000169
26337160000114
26338029000171
26338503000165
26341076000174
26341076000255
26341853000180
26343841000195
26344471000100
26346662000101
26348542000143
26348543000198
26348866000181
26351396000105
26354318000164
26354318000245
26354583000142
26354583000223
26356299000105
26362205000100
26362694000109
26363055000230
26374681000141
26374693000176
26374693000257
26375042000109
26375049000112
26375399000189
26376316000176
26376513000195
26376513000276
26376513000357
26378994000178
26378994000259
26379000000138
26381190000390
26381190000470
26394083000134
26396880000150
26397503000136
26397503000217
26402411000105
26402411000288
26402411000369
26402504000121
26408141000131
26408910000100
26408921000181
26409118000161
26409135000107
26409137000198
26409138000132
26409142000109
26409935000110
26410897000115
26411251000152
26411528000147
26412096000199
26412099000122
26412099000203
26412099000394
26412686000111
26412687000166
26412696000157
26417214000151
26420434000134
26422502000102
26422502000285
26422999000150
26430998000158
26431004000118
26431004000207
26431287000106
26431287000360
26431308000185
26431308000266
26431316000121
26432147000144
26432147000225
26436591000138
26438811000162
26440109000133
26440111000102
26440331000136
26440331000217
26442444000170
26443604000104
26445764000184
26451011000181
26451011000262
26451011000343
26454201000152
26454511000177
26454511000339
26454511000410
26454511000509
26455178000110
26459055000158
26459055000239
26461453000109
26463602000179
26463602000250
26466025000179
26467780000178
26469236000165
26469757000112
26470713000102
26472146000123
26474043000100
26474043000364
26475362000122
26475362000203
26475365000166
26475670000158
26480263000139
26480263000210
26480263000481
26480263000562
26482629000109
26483264000137
26489171000110
26496017000175
26496214000194
26496214000275
26503145000107
26503866000109
26503867000153
26505303000150
26505310000151
26505315000184
26505653000116
26505657000102
26505657000285
26505657000366
26505658000149
26505662000107
26505893000110
26505897000107
26507820000168
26511453000176
26513034000173
26514148000138
26516422000108
26519708000147
26522142000102
26522145000146
26522413000120
26522426000107
26522426000280
26522877000136
26522877000217
26523061000127
26523061000399
26523069000193
26523069000274
26528795000107
26532014000140
26532014000220
26536604000140
26537745000188
26538364000113
26541927000122
26541927000203
26544947000157
26545606000104
26549434000139
26549434000210
26550383000165
26550383000246
26550383000327
26550389000132
26551263000182
26552756000480
26553183000166
26553698000166
26554026000175
26557343000145
26564210000104
26565030000139
26565030000210
26565030000309
26565032000128
26565034000117
26565262000197
26565264000186
26565417000195
26565418000130
26565534000159
26569311000160
26569311000240
26569311000321
26574834000102
26575885000140
26578806000155
26580473000107
26582535000101
26585209000158
26587460000151
26592918000160
26594819000118
26602240000150
26602242000149
26602260000120
26602580000180
26602593000150
26602593000230
26602958000146
26602958000227
26602970000150
26603872000138
26603882000173
26604865000150
26605327000180
26605327000261
26607482000136
26611365000146
26611365000227
26613314000153
26613314000234
26613314000315
26625436000160
26625436000321
26625436000402
26625440000128
26625625000132
26625625000213
26625639000156
26626042000126
26626048000101
26627403000159
26628749000171
26628749000333
26628749000414
26628749000503
26628749000686
26628752000195
26628752000357
26628752000438
26628752000519
26628752000608
26628754000184
26629475000135
26629845000134
26629845000215
26629845000304
26629946000105
26631235000175
26631235000337
26631235000507
26633463000184
26634313000195
26634313000276
26635673000101
26636330000161
26637518000124
26637525000126
26638456000175
26641226000165
26641226000246
26641802000174
26647629000111
26647629000383
26647629000464
26647629000545
26647629000626
26652890000100
26657383000169
26658621000150
26658951000146
26658952000190
26662246000112
26662246000201
26667284000168
26667284000249
26669567000149
26669568000193
26669570000243
26670181000157
26671855000138
26673021000161
26674649000181
26674650000106
26675410000126
26675552000193
26675554000182
26675557000116
26675908000270
26678571000173
26679149000213
26679330000149
26686393000122
26686395000111
26687562000149
26689110000104
26689110000287
26689358000167
26690293000170
26691996000112
26699455000130
26702686000156
26702689000190
26703158000111
26703158000200
26704947000177
26704950000190
26706257000157
26706958000196
26706958000277
26708041000120
26708290000116
26708633000142
26708633000223
26709420000135
26714475000133
26714475000214
26716519000245
26717851000143
26718149000102
26718358000148
26718360000117
26719639000115
26720039000177
26720046000179
26720049000102
26720051000181
26720056000104
26721270000185
26722378000192
26722378000273
26722593000193
26722598000116
26723040000155
26723258000290
26723590000174
26726032000162
26726856000132
26727661000107
26727664000140
26727664000221
26729142000188
26729360000112
26729366000190
26729366000351
26729724000164
26730053000151
26730055000140
26730476000171
26730599000102
26730626000147
26730815000110
26731330000140
26731330000221
26733249000280
26734218000163
26734218000244
26734218000325
26734218000406
26734221000268
26736467000198
26736472000109
26736476000189
26736477000123
26737283000142
26745682000155
26746440000186
26746440000267
26746886000100
26746886000291
26746886000372
26746886000453
26747159000168
26747159000249
26747159000400
26748299000150
26751515000117
26752231000145
26752234000189
26752712000150
26752713000103
26754902000107
26755084000167
26755180000105
26756231000113
26760343000148
26762763000163
26762983000197
26764699000150
26765506000185
26793969000150
26793980000110
26793980000200
26793980000382
26796124000119
26798053000274
26799704000160
26799705000104
26799705000295
26805349000194
26807779000145
26807779000226
26807779000498
26812753000195
26817025000176
26818452000179
26824206000120
26825341000270
26825341000351
26827974000137
26828239000229
26828615000102
26831725000115
26838324000197
26840217000101
26844994000116
26845745000145
26845745000226
26846507000154
26847248000186
26847884000108
26850888000145
26850888000226
26852959000149
26855043000142
26858153000168
26858153000249
26858154000102
26860400000160
26860400000241
26861473000177
26862686000113
26868526000181
26868526000262
26888245000190
26896391000168
26896391000249
26896391000320
26896391000400
26897031000180
26897035000169
26897035000240
26897035000320
26897408000100
26897408000363
26897408000444
26899754000119
26899754000208
26900742000167
26901377000105
26901531000220
26901533000138
26903029000177
26905436000202
26907148000106
26907148000289
26907861000141
26908197000155
26910779000176
26911352000192
26924675000110
26930496000196
26932750000195
26936434000191
26936933000189
26936933000260
26939418000152
26947799000111
26948308000157
26948310000126
26948310000207
26952052000151
26953115000194
26953849000254
26953849000335
26957329000139
26957735000100
26958988000190
26977949000130
26985971000121
26987307000111
26989523000104
26995369000175
26995375000122
26996275000110
26997986000100
26998243000154
27001241000101
27002607000167
27003978000163
27005319000166
27006594000102
27006597000138
27007468000164
27015126000196
27015135000187
27015137000176
27026405000155
27030982000110
27034540000142
27035634000136
27035634000217
27036489000108
27036491000187
27036493000176
27037228000102
27039199000118
27039199000207
27039609000120
27040436000160
27040436000241
27040436000594
27047162000131
27047164000120
27047164000473
27048288000120
27051104000181
27053986000114
27057326000101
27057932000127
27059581000193
27059594000162
27060488000107
27060495000109
27061684000198
27064680000163
27064681000108
27064692000198
27067458000114
27067462000182
27068307000180
27068312000193
27077565000123
27078949000160
27078949000241
27078949000322
27078949000403
27082884000127
27084720000139
27084720000210
27085036000171
27085344000105
27086293000128
27086293000209
27086379000150
27086379000231
27092803000250
27095115000163
27095134000190
27095688000197
27097055000118
27098154000114
27098154000386
27100259000160
27100474000161
27101785000145
27101785000226
27101785000307
27101785000498
27101785000579
27101785000650
27101785000730
27101785000811
27101785000900
27109951000150
27113581000124
27120951000150
27121119000179
27127424000178
27127858000178
27127866000114
27127874000160
27127874000241
27131399000104
27131575000108
27135559000185
27135563000143
27136762000176
27137340000115
27138871000122
27138871000203
27138871000394
27138873000111
27141096000164
27141096000326
27141510000135
27141513000179
27146312000164
27153484000165
27154205000188
27160307000106
27160307000297
27160307000378
27160454000186
27160468000280
27160616000186
27163866000170
27165106000100
27165888000179
27165889000113
27166216000188
27166971000162
27167533000119
27167533000208
27168410000100
27170347000139
27173472000100
27173472000283
27184620000184
27184979000151
27184988000142
27185579000160
27186284000109
27190052000124
27190052000205
27198853000136
27200158000161
27201131000193
27201131000355
27203103000105
27203103000296
27215205000140
27215215000267
27215215000348
27215215000429
27215222000188
27219257000195
27219257000276
27224391000184
27229857000134
27230763000266
27230766000119
27241838000123
27243916000129
27246062000134
27246062000215
27247796000308
27248030000178
27248948000117
27251698000174
27261214000178
27261687000175
27263909000199
27263909000270
27269420000124
27270358000190
27272748000108
27274361000182
27274713000108
27274713000280
27274716000214
27281748000166
27289920000209
27300935000140
27303271000172
27306617000277
27316960000111
27316960000200
27316960000383
27316960000464
27325930000252
27326330000128
27335877000190
27337707000144
27347786000174
27349678000130
27349678000211
27350699000176
27350854000154
27356124000160
27360389000132
27360391000101
27361172000147
27361172000228
27361172000309
27361172000490
27361173000191
27361181000138
27361503000149
27362857000299
27366451000101
27369286000133
27372084000140
27372084000221
27373784000150
27377150000175
27379160000140
27385276000191
27387104000157
27388806000155
27389362000172
27389533000244
27390144000158
27390408000173
27391104000120
27391579000117
27392735000164
27392735000245
27398527000172
27398532000185
27398535000119
27399091000136
27399091000306
27399091000489
27406416000160
27406671000103
27407300000146
27407301000190
27409327000178
27410641000170
27424648000141
27424648000222
27424649000196
27428639000200
27428982000254
27444051000169
27444958000128
27445826000706
27445826000897
27445826000978
27445826001001
27445826001192
27447841000106
27450841000157
27450841000238
27450845000135
27450845000216
27454502000149
27454502000220
27454532000155
27454532000236
27454722000172
27465248000184
27474168000195
27474387000174
27474387000255
27474639000165
27484788000105
27488184000137
27492894000130
27494124000127
27506754000174
27506905000194
27506910000105
27506912000196
27507218000193
27507416000157
27507418000227
27507427000137
27507505000101
27510193000187
27511320000162
27520581000149
27521696000158
27521696000239
27523783000144
27526146000121
27526734000327
27530243000198
27543697000101
27545199000190
27550005000144
27550005000225
27550005000306
27550005000497
27550005000578
27550005000659
27550005000730
27550005000810
27550090000140
27550091000195
27550091000276
27550091000357
27550902000158
27574926000147
27579696000109
27579696000290
27591019000106
27594059000101
27594059000292
27599186000284
27599263000115
27599289000163
27599371000198
27608882000129
27608882000200
27610382000121
27623250000134
27635087000120
27635089000119
27635089000208
27637710000183
27637711000128
27638086000139
27638090000105
27638862000109
27640984000121
27657344000205
27657431000181
27657432000126
27657442000161
27657448000139
27657448000210
27657448000309
27659149000133
27659626000160
27659910000137
27663470000191
27667230000165
27667637000192
27669057000134
27669057000215
27672832000100
27678362000273
27685608000153
27685609000106
27685609000289
27686894000171
27690457000121
27690459000110
27691105000190
27692335000174
27709606000157
27709623000194
27711702000130
27711702000210
27712257000122
27712258000177
27715012000159
27718512000144
27718518000111
27718522000180
27719329000163
27719332000187
27719332000268
27732292000103
27736820000100
27737617000140
27744625000203
27744626000240
27745867000122
27747647000138
27748026000179
27748026000250
27748137000185
27748497000187
27749176000105
27751480000189
27755041000144
27756467000112
27791523000150
27791541000131
27791541000212
27796014000110
27796014000209
27796058000140
27798028000172
27799443000140
27799464000166
27799470000113
27799470000202
27799470000385
27800501000109
27800501000290
27800501000370
27801432000158
27801582000595
27801819000104
27802043000147
27802043000228
27802617000187
27802728000193
27802728000274
27802902000106
27805402000110
27811818000140
27815848000125
27816334000194
27817425000144
27818050000137
27818440000107
27822136000133
27822150000137
27825842000139
27826713000165
27828061000106
27831855000110
27833380000100
27833380000282
27833380000363
27833380000444
27833380000525
27851246000123
27852923000128
27855454000109
27863491000150
27864419000148
27866199000191
27866400000130
27868510000131
27869655000238
27870380000171
27877321000125
27879728000191
27882367000132
27882373000190
27885544000134
27886515000197
27886518000120
27897631000535
27897652000127
27897652000208
27897652000399
27898207000181
27899058000175
27899602000189
27899602000260
27899602000340
27920250000104
27920790000180
27926033000113
27928300000191
27930249000152
27930252000176
27931309000151
27935439000162
27935952000153
27961257000166
27961263000385
27961706000176
27968713000108
27968717000188
27968717000269
27968717000340
27975688000181
27992896000199
27994628000106
27994997000107
28000231000114
28001150000139
28002341000115
28002593000144
28007143000144
28007143000306
28007145000214
28008101000128
28013630000110
28013724000199
28022571000146
28026217000190
28037441000187
28038376000104
28046489000151
28049220000390
28055399000127
28061201000118
28061722000175
28062819000100
28062819000283
28066275000147
28068071000307
28072827000120
28072827000200
28072994000170
28078092000141
28083907000180
28083907000261
28084094000224
28105673000125
28116600000139
28117387000180
28119653000294
28122981000169
28129837000154
28133780000167
28134200000156
28134604000140
28135299000100
28136677000170
28145851000141
28161400000106
28162819000174
28165606000104
28169356000172
28169361000185
28170079000118
28174766000101
28175175000159
28197373000202
28197768000116
28201947000180
28201947000260
28205178000198
28212931000172
28221357000119
28241345000237
28252689000160
28253203000109
28257546000141
28257609000160
28257609000240
28257943000113
28270709000126
28280408000183
28283129000173
28283129000254
28283129000335
28283130000106
28296134000110
28296136000100
28296138000107
28299262000118
28304713000168
28310691000149
28318321000239
28318322000100
28318322000283
28318322000364
28320749000135
28340167000110
28348570000196
28380703000101
28384875000153
28389033000194
28397416000104
28397416000295
28397416000376
28397416000457
28397416000538
28397416000619
28397416000708
28397416000880
28397416000961
28399856000109
28399859000134
28407584000133
28410727000166
28421194000118
28422473000104
28424688000156
28425640000162
28426103000137
28447627000104
28456791000188
28476617000105
28483318000190
28489116000155
28490824000106
28492921000138
28499906000111
28500124000155
28505169000112
28505174000125
28505176000114
28509713000285
28509713000366
28509997000200
28522757000164
28522889000196
28522890000110
28523186000182
28526337000156
28533672000262
28544230000130
28563379000167
28563511000130
28581719000182
28582037000194
28586704000107
28600891000136
28606494000171
28615071000118
28616444000175
28616444000256
28628778000169
28633258000144
28633258000225
28642160000153
28659436000106
28659618000187
28659660000106
28663420000177
28665527000154
28668008000140
28673914000132
28674465000147
28677071000142
28678763000105
28679227000205
28688245000172
28695899000123
28704304000159
28704768000165
28714800000193
28717272000126
28718052000117
28722674000208
28722674000380
28722677000152
28729300000125
28729326000173
28734324000172
28734326000161
28734423000154
28741393000103
28742748000189
28744291000141
28744995000114
28744995000203
28757384000100
28758496000186
28759815000178
28764003000110
28766882000110
28766882000209
28766882000381
28779061000118
28783377000183
28787734000181
28789033000262
28789842000193
28792512000157
28800081000123
28801574000188
28803618000109
28804455000189
28804462000180
28809736000124
28814493000112
28814494000167
28820897000119
28820905000127
28821843000178
28825426000101
28827134000108
28830385000133
28832397000105
28832408000149
28832417000130
28832782000144
28833755000196
28834899000167
28836924000141
28837370000105
28838609000153
28838609000234
28840192000163
28840192000244
28840199000185
28846072000173
28846973000165
28846976000107
28846976000280
28858592000104
28859369000173
28859391000113
28861604000141
28861611000143
28863079000101
28863079000284
28863560000199
28863560000270
28869746000155
28869748000144
28870436000150
28873983000190
28873984000134
28873988000112
28875491000133
28875491000214
28875502000185
28875502000266
28875505000119
28875807000197
28875807000278
28875807000359
28875807000430
28875807000510
28875809000186
28875809000267
28875818000177
28875824000124
28878705000125
28879574000109
28879574000281
28881219000166
28881219000247
28881440000114
28882472000134
28882978000143
28883633000104
28885900000182
28885900000263
28885906000150
28885906000311
28885913000151
28886221000128
28890745000192
28891520000150
28896062000142
28896064000131
28900807000108
28900807000280
28901376000196
28901382000143
28902209000160
28903993000120
28903996000164
28904792000148
28904792000229
28906662000144
28906827000188
28907030000103
28907030000286
28907030000367
28913365000126
28914255000189
28914269000100
28916785000166
28917751000196
28919656000202
28919658000110
28920243000167
28922117000141
28925336000184
28926477000111
28929721000108
28929801000155
28930796000109
28945126000158
28945141000104
28945141000287
28945141000368
28945148000118
28945148000207
28945242000177
28951889000101
28951898000100
28951898000283
28953617000140
28953617000221
28954124000125
28954905000110
28962903000172
28962907000150
28964479000103
28964479000367
28964479000448
28968068000188
28979024000153
28979531000197
28979984000113
28979984000202
28980141000137
28982367000177
28982367000258
28986401000181
28986401000262
28988377000209
28994367000197
28995077000168
28996156000193
29003932000170
29003932000331
29003932000501
29003939000191
29007117000421
29007117000502
29008006000197
29008006000278
29010494000177
29011568000190
29012463000155
29012463000236
29012475000180
29013540000191
29020026000183
29020036000119
29021364000130
29023130000121
29023138000198
29023139000132
29028714000190
29028722000136
29030262000180
29033761000202
29036124000109
29038250000100
29038250000283
29039758000115
29041713000185
29057851000152
29058529000148
29058532000161
29061715000136
29063289000170
29063802000122
29066852000163
29066852000244
29066860000100
29066864000198
29066864000279
29066864000350
29066864000430
29066865000132
29066866000187
29066866000268
29066866000349
29066866000420
29066869000110
29067661000116
29068088000165
29068088000246
29071894000192
29080681000127
29080681000208
29082819000127
29082826000129
29085027000106
29085027000297
29085036000105
29085036000288
29085273000168
29085277000146
29087856000128
29088175000184
29088175000265
29091123000167
29104739000125
29109895000189
29110354000170
29110893000100
29110893000290
29111225000105
29111618000100
29111619000155
29112938000185
29112942000143
29112948000110
29112952000189
29112952000260
29112956000167
29113403000129
29113403000200
29113403000390
29113403000471
29113410000120
29113415000153
29113415000234
29114486000170
29114486000251
29114721000104
29114944000171
29114950000129
29117278000125
29117992000113
29118000000172
29120850000105
29120850000296
29122006000113
29122870000115
29122871000160
29123341000136
29124541000103
29124541000294
29124543000100
29124809000107
29127077000109
29127078000153
29127078000234
29127078000315
29127078000404
29127078000587
29127078000668
29131926000106
29131928000197
29131929000131
29132328000143
29132329000198
29132331000167
29132331000329
29133314000144
29135012000105
29135012000458
29135016000355
29135020000151
29137228001009
29137228001343
29139874000106
29139874000297
29142554000105
29142901000108
29145537000121
29145537000202
29145669000153
29145670000188
29148443000297
29150061000117
29153063000160
29153992000179
29154000000128
29154462000145
29154464000134
29154466000123
29155238000178
29155238000259
29155239000112
29155240000147
29156260000132
29158625000168
29159410000161
29160250000170
29160676000124
29160870000100
29160874000198
29160874000279
29168407000104
29168790000109
29169699000108
29173433000120
29175392000101
29175400000110
29175904000130
29177596000181
29179279000102
29180282000138
29181026000246
29181026000327
29182396000117
29182400000147
29183938000176
29183939000110
29191247000114
29191253000171
29192302000352
29192798000100
29201347000184
29203425000180
29203425000260
29203425000341
29203427000179
29203613000108
29205615000136
29206144000180
29206144000261
29206144000342
29206144001071
29206144001152
29206610000128
29208752000124
29210854000184
29213502000182
29213503000127
29216318000196
29218402000149
29221110000165
29222157000143
29225685000156
29228563000113
29228563000202
29228564000168
29229569000105
29231345000138
29231502000105
29237238000117
29237238000206
29241099000103
29241099000286
29241274000154
29241275000107
29242178000120
29244872000187
29247689000135
29247690000160
29247690000240
29247891000167
29247891000248
29248080000180
29248255000150
29248255000311
29248256000102
29250318000102
29250323000115
29252196000193
29252212000148
29252214000137
29252369000173
29252371000142
29252371000304
29252374000186
29253948000130
29253953000143
29254980000211
29254980000300
29254980000483
29258501000154
29258503000143
29258503000224
29258504000198
29258504000279
29258857000198
29265375000165
29265375000246
29265413000180
29265429000192
29265429000354
29267247000150
29269348000160
29272661000158
29272661000239
29272661000310
29272661000409
29272661000662
29272661000743
29272661000824
29273546000106
29273546000360
29273548000197
29277273000160
29283788000172
29287339000100
29293005000131
29294692000100
29294692000290
29294702000107
29296246000134
29296246000215
29297105000136
29297613000114
29299422000191
29303448000166
29303451000180
29305223000149
29308026000183
29308850000133
29311542000167
29311542000248
29314331000188
29314613000185
29315026000100
29316298000125
29316298000206
29316301000100
29316511000107
29316639000162
29316697000196
29316699000185
29316699000266
29316699000347
29317007000113
29325348000130
29326354000102
29327503000158
29327766000167
29333712000104
29333714000101
29335618000194
29339263000101
29353766000131
29365386000117
29366891000186
29377243000125
29377243000206
29377243000397
29377243000559
29407804000191
29407843000199
29410299000134
29411075000147
29417213000103
29417398000148
29417399000192
29417407000109
29417408000145
29417411000169
29417411000240
29417420000150
29417420000230
29417420000311
29417420000400
29417421000102
29417423000193
29417424000138
29418061000155
29418543000105
29418609000167
29418997000186
29418997000267
29430523000150
29430523000230
29430551000258
29430608000138
29430608000219
29456623000236
29456623000317
29456623000406
29477433000114
29486100000151
29487517000139
29488394000150
29488395000286
29488498000165
29488960000124
29488960000205
29488961000179
29488961000250
29488961000330
29489021000102
29489022000149
29489022000220
29489022000300
29489620000118
29489727000166
29489852000176
29492099000178
29500798000201
29501169000107
29513373000148
29513374000192
29513374000273
29513379000115
29513379000204
29513501000153
29513507000120
29513582000191
29513586000170
29513586000250
29521962000178
29521962000259
29521962000330
29521962000410
29524848000100
29524895000145
29527131000103
29528592000109
29528592000362
29530106000189
29530113000180
29530453000101
29530453000292
29531569000165
29531574000178
29533514000194
29533515000139
29534339000150
29534346000151
29534350000110
29536221000160
29539790000160
29540245000193
29540768000130
29545014000172
29545424000113
29545679000186
29545692000135
29545698000102
29545699000157
29547263000105
29547430000533
29558747000141
29560676000111
29561229000187
29561485000255
29561488000299
29561491000121
29561493000110
29573079000121
29573472000115
29573625000124
29574222000108
29574270000198
29579189000109
29584409000184
29584409000265
29584409000427
29584606000284
29592173000128
29592491000199
29592492000133
29592923000404
29594250000189
29594260000114
29599084000103
29644250000146
29648878000110
29648879000164
29661227000160
29670044000100
29670091000154
29670174000143
29670178000121
29670180000109
29670181000145
29670181000226
29670266000123
29670266000204
29670266000395
29670309000170
29670400000196
29670966000118
29670966000207
29670983000155
29678542000108
29680718000158
29681118000104
29681118000295
29690430000164
29690431000109
29691034000151
29691262000121
29691263000176
29692203000178
29692573000105
29693277000129
29693279000118
29701230000160
29702769000133
29703202000181
29703221000108
29703319000165
29703502000160
29707902000144
29707902000225
29709701000186
29709708000106
29709814000181
29710576000124
29711392000189
29713798000109
29717577000109
29719560000263
29720479000112
29727375000130
29729420000195
29729424000173
29729434000109
29729434000290
29733491000161
29733501000169
29735729000198
29736312000140
29740869000154
29740886000191
29740889000125
29742247000165
29742247000246
29748384000298
29750425000108
29750433000146
29753086000105
29753086000296
29755999000160
29755999000241
29756000000106
29756000000289
29767010000139
29767010000210
29775824000115
29776410000100
29776410000291
29779067000158
29779604000160
29779607000101
29779607000284
29779607000365
29781571000192
29784523000158
29785085000142
29785085000304
29795685000191
29796332000106
29796854000299
29796854000370
29796859000130
29797241000195
29797241000276
29797244000129
29797245000254
29804270000137
29807304000147
29824289000145
29824294000158
29834870000148
29835521000140
29843393000187
29845375000134
29848244000100
29848634000180
29848634000261
29857952000108
29857952000370
29857952000450
29857952000612
29857952000884
29857952000965
29862808000160
29864622000140
29872438000141
29872438000222
29872438000303
29872438000494
29875091000190
29875091000271
29879852000182
29879861000173
29879861000254
29883587000106
29883589000103
29883589000286
29883589000367
29884941000117
29884958000174
29884967000165
29886972000107
29887212000114
29887212000203
29887212000386
29892376000130
29892376000210
29892376000300
29892376000482
29895980000110
29900733000164
29903443000174
29907087000167
29907092000170
29919376000186
29919414000109
29919414000362
29919414000524
29919414000605
29919426000125
29925547000180
29926679000126
29932911000139
29938695000139
29945230000105
29950174000105
29951667000151
29960536000130
29962465000105
29970371000269
29973439000182
29974690000161
29975304000156
29990982000198
29991440000130
29994693000167
29994694000101
29999867000265
30002804000190
30016376000155
30017044000195
30017044000276
30017044000357
30018452000161
30018455000103
30018455000286
30018455000367
30018462000105
30018462000288
30020744000139
30020744000481
30020744000562
30021673000199
30023887000102
30023892000107
30024437000126
30024978000154
30026784000198
30035900000135
30038602000107
30041704000173
30042541000143
30043063000196
30045695000199
30047753000113
30048527000157
30053401000170
30053411000106
30053411000297
30057108000181
30058142000170
30058142000251
30064654000301
30066093000118
30066095000107
30066899000106
30066899000297
30066899000378
30066901000147
30073028000209
30073710000102
30077715000103
30077715000294
30080280000156
30112415000118
30112621000128
30124684000102
30139381000155
30139382000108
30144311000195
30145218000103
30145218000286
30145583000100
30147586000182
30153457000105
30156922000153
30157367000184
30158301000109
30159266000142
30159268000212
30160511000131
30171778000205
30179349000101
30182634000173
30182637000107
30182637000298
30183327000107
30186364000179
30189287000100
30192266000144
30192274000190
30192768000175
30209754000117
30210855000108
30211169000151
30211169000232
30211175000109
30213521000198
30220782000135
30223943000144
30224211000179
30227360000191
30242417000121
30242438000147
30253555000106
30278080000102
30281348000165
30291202000109
30291202000281
30291202000362
30291202000443
30291202000524
30291202000605
30295425000136
30295425000217
30295426000180
30295428000170
30298241000120
30301778000100
30304110000108
30306533000167
30306962000134
30306965000178
30319505000184
30333292000145
30333574000142
30343210000143
30343716000152
30343716000233
30344943000100
30347779000187
30348321000142
30354915000166
30354915000247
30364245000169
30366914000131
30367801000150
30368038000182
30368040000151
30372952000105
30372955000130
30381190000103
30393190000115
30395211000131
30395211000212
30395215000110
30395960000169
30395970000102
30398736000120
30399394000163
30409289000168
30424950000104
30429079000131
30432477000107
30432479000104
30441676000181
30445195000144
30447869000140
30448535000190
30449142000100
30454559000152
30462666000122
30463911000116
30469021000111
30469031000157
30469056000150
30473993000180
30476160000172
30476630000106
30477360000140
30481421000142
30481423000131
30486199000170
30489922000175
30489922000256
30489923000110
30489923000209
30489923000381
30490120000185
30506394000115
30507236000180
30508569000123
30508569000395
30509763000123
30509763000204
30509763000395
30509763000476
30515135000150
30515135000231
30515135000312
30515135000401
30515692000171
30515692000252
30515692000333
30515692000414
30517844000175
30523423000157
30523423000238
30523800000239
30540847000120
30557377000107
30557377000298
30558742000106
30562967000128
30568449000111
30573320000100
30577920000138
30577922000127
30578434000134
30579448000172
30579788000101
30580566000109
30584584000150
30591078000199
30593103000335
30598272000104
30608792000142
30621495000137
30626159000187
30629614000106
30641322000180
30642846000277
30647817000117
30647831000110
30666146000131
30666763000137
30666763000218
30673151000171
30678770000159
30685419000195
30685436000122
30685436000203
30689140000180
30689683000105
30689683000369
30689683000440
30695666000172
30696160000188
30701267000177
30702025000106
30705940000147
30706819000130
30712031000136
30715133000105
30719565000194
30730577000110
30730694000183
30730811000109
30744200000110
30749125000180
30749647000181
30762696000154
30762696000235
30763391000167
30763990000261
30765172000117
30765172000206
30765172000460
30765172000540
30767452000164
30799543000181
30801324000190
30801325000134
30801327000123
30801503000127
30801628000157
30801931000150
30802195000154
30802246000148
30802374000191
30802382000138
30807658000170
30810225000174
30811999000110
30822792000140
30822792000221
30836279000109
30842440000157
30843537000184
30861531000130
30866910000112
30866910000201
30887101000197
30887101000278
30887101000510
30887101000600
30887101000782
30887101000944
30915163000165
30918856000101
30937720000149
30942190000127
30942604000207
30942604000460
30943517000185
30943517000266
30943672000100
30949587000140
30955160000155
30958027000152
30972034000109
30972034000290
30980140000134
30983081000158
30986029000155
30988189000133
30991474000103
31012539000194
31019877000158
31022906000300
31027176000160
31044487000308
31044487000561
31064114000129
31064114000200
31069439000102
31071126000180
31084047000104
31095140000114
31095140000203
31108041000120
31113127000140
31120756000106
31123978000174
31130402000134
31145191000103
31145198000125
31165648000141
31168171000158
31187714000184
31189850000103
31201441000185
31202093000160
31222362000150
31222583000129
31222591000175
31225781000146
31225781000227
31240629000132
31253407000235
31264958000202
31267770000129
31281402000135
31282939000110
31290587000144
31290587000225
31301586000158
31331855000129
31335578000122
31338442000176
31375061000167
31375068000189
31375627000150
31375627000231
31375779000153
31375792000102
31375945000111
31376115000109
31376422000190
31379394000164
31380159000102
31380160000137
31380160000218
31384945000188
31395736000130
31406375000180
31429245000162
31429964000183
31429993000145
31430732000145
31430738000112
31434246000103
31437203000173
31437203000254
31437203000335
31437227000122
31437525000112
31441836000155
31443673000140
31447531000150
31464652000100
31464655000306
31476917000190
31476925000137
31477454000181
31477460000139
31477566000132
31477566000213
31477566000302
31477575000123
31477708000161
31477711000185
31487214000168
31487239000161
31487239000242
31488025000100
31488025000290
31488029000198
31488779000160
31488783000128
31489748000123
31495106000218
31495106000307
31495106000480
31496519000136
31502576000180
31502754000173
31507501000192
31508247000147
31508247000228
31513116000158
31513118000147
31513124000102
31525241000188
31525241000269
31525241000340
31529193000104
31534420000181
31534420000424
31541778000131
31549499000114
31549935000155
31553333000171
31557504000130
31563957000170
31572280000136
31577006000150
31577006000230
31585874000181
31585874000262
31592476000192
31592476000273
31592476000354
31592476000435
31594251000175
31594251000256
31595997000101
31605099000189
31605099000260
31605291000175
31606484000140
31606484000221
31606595000157
31611110000113
31611974000135
31615486000104
31615486000287
31616891000139
31617697000178
31617701000106
31617701000360
31617895000131
31617899000110
31627036000123
31628072000101
31628078000189
31628499000100
31634420000153
31634438000155
31639050000147
31639913000186
31639913000267
31647242000103
31647242000286
31655819000110
31656253000141
31661346000164
31662279000100
31662297000184
31666754000109
31667498000174
31668152000190
31668153000135
31668156000179
31669325000195
31674715000153
31685962000155
31685970000100
31688624000177
31688629000108
31691238000134
31691863000186
31692998000166
31693001000192
31698581000100
31698581000291
31701843000149
31703353000181
31715472000154
31717388000170
31721618000174
31721618000255
31722509000171
31722509000252
31728743000106
31729314000153
31729322000108
31729351000161
31732858000174
31734785000150
31734797000184
31734797000265
31736387000172
31740077000121
31740077000202
31740077000393
31742041000187
31742041000268
31742041000349
31743410000156
31744307000201
31751476000198
31751484000215
31751484000304
31751755000151
31751776000177
31751778000166
31758934000110
31761358000160
31763247000193
31765841000113
31765850000104
31766623000101
31766623000365
31766626000137
31766628000126
31766631000140
31766849000102
31766849000285
31766849000366
31771250000159
31771963000112
31771977000136
31771979000125
31771986000127
31775958000188
31775958000269
31775958000340
31775969000168
31775969000249
31776795000158
31776809000133
31778813000130
31778813000211
31779378000169
31780906000108
31782632000188
31783373000100
31785137000122
31785141000190
31785144000124
31785144000205
31785148000102
31785160000117
31785489000188
31789731000191
31789732000136
31790781000199
31790783000188
31790783000269
31790783000340
31790783000420
31794719000175
31796416000191
31796416000272
31796425000182
31796425000263
31797382000150
31797391000140
31797393000130
31797404000181
31797850000196
31797856000163
31797858000152
31797858000233
31799559000157
31800236000136
31802365000163
31802833000108
31802842000190
31803384000104
31803387000148
31806283000197
31806296000166
31806297000100
31812983000194
31813433000190
31815802000183
31815964000111
31818009000138
31822009000101
31822009000292
31823383000121
31826261000199
31827129000100
31827915000107
31827919000187
31828979000114
31828979000203
31829661000158
31829668000170
31832039000107
31832039000280
31832039000360
31836292000120
31838158000169
31841405000186
31841411000133
31841421000179
31841945000160
31841952000161
31842919000156
31845306000172
31845320000176
31846877000121
31847774000186
31847779000109
31852636000195
31855205000182
31858182000160
31859823000109
31859828000123
31860770000138
31860774000116
31860777000150
31861147000280
31866196000125
31866196000206
31866470000166
31866629000142
31866630000177
31866756000141
31871078000105
31872028000142
31872313000163
31873435000174
31874413000129
31874417000107
31882881000145
31890345000191
31895049000183
31896739000157
31897548000100
31897548000290
31897548000371
31897793000117
31898881000133
31900265000170
31901107000134
31901107000304
31902586000103
31908131000103
31908667000110
31908679000145
31913534000132
31914448000144
31918910000262
31918910000424
31918910000696
31918916000159
31920038000106
31920050000110
31920559000163
31922687000146
31923710000117
31923710000206
31923713000150
31923713000231
31923713000312
31923718000183
31923718000345
31928887000106
31928888000150
31928934000111
31930070000172
31936093000194
31936938000141
31936938000222
31937498000147
31937500000188
31937500000269
31937500000340
31939997000173
31941012000144
31941012000306
31941012000497
31941012000578
31944988000170
31944991000194
31945005000110
31945544000150
31945544000230
31945544000311
31945560000142
31945565000175
31946208000121
31946848000131
31946848000212
31947543000144
31947543000225
31947543000306
31948061000109
31948061000290
31948061000370
31948061000451
31948061000532
31952183000179
31953941000173
31955203000165
31955204000100
31957338000240
31958364000102
31959102000162
31959799000171
31959805000190
31962565000183
31971431000129
31972619000191
31973908000105
31974788000160
31977134000271
31977134000352
31978350000150
31978350000231
31984168000102
31988957000111
31989279000101
31989287000158
31989480000199
31991282000160
31994315000125
31994317000114
31994318000169
31994625000140
31994625000220
31995562000146
31999633000260
32000186000175
32003442000188
32006245000112
32006245000201
32006245000384
32006245000465
32006245000546
32006245000627
32006245000708
32007073000100
32007665000113
32009234000196
32015777000116
32015784000118
32015788000104
32016215000197
32016218000120
32016228000166
32018620000144
32018620000225
32018620000306
32018623000188
32022263000198
32041694000100
32041695000146
32042037000179
32042037000250
32042037000330
32042037000411
32042037000500
32042934000182
32042934000263
32042934000344
32046805000162
32046805000243
32046805000324
32047775000109
32047780000111
32050755000197
32051081000226
32051087000112
32051092000125
32051093000170
32051094000114
32052153000179
32053081000184
32057009000125
32058443000120
32058443000200
32058585000197
32060903000154
32060904000107
32061487000109
32066727000168
32074822000103
32074822000294
32079874000172
32079874000253
32079889000130
32079889000211
32079889000300
32081724000101
32081728000181
32087411000152
32098992000128
32099002000176
32099005000100
32099786000132
32099789000176
32099841000194
32099841000275
32100809000181
32101090000101
32101094000181
32102180000109
32102180000370
32102180000451
32102189000110
32102698000142
32102698000223
32103253000187
32108729000172
32108729000253
32108729000334
32110050000118
32110699000139
32113477000170
32113823000110
32115441000125
32116052000114
32116751000164
32116751000245
32117473000160
32123509000118
32123510000142
32127980000184
32131416000135
32131416000216
32131416000305
32131416000488
32131416000569
32132155000178
32132788000186
32132937000107
32132937000298
32140500000115
32140518000117
32141712000117
32143241000186
32143241000267
32145381000355
32146074000127
32147939000170
32150044000194
32151273000123
32151273000395
32151483000111
32151483000200
32151483000383
32155056000101
32155119000120
32159219000124
32160027000138
32162506000193
32163758000137
32163758000218
32163771000196
32165288000140
32170661000151
32170670000142
32174795000221
32175837000168
32176485000165
32177283000138
32179666000145
32185003000133
32185003000214
32185003000303
32185003000486
32185003000567
32185003000648
32185003000729
32186495000181
32193058000195
32199337000166
32205277000147
32205629000164
32205629000245
32205740000150
32205995000113
32207901000145
32209588000184
32209591000106
32209591000289
32221422000183
32221428000150
32221660000199
32221667000100
32221669000108
32221670000124
32221684000148
32225285000155
32226671000161
32226675000140
32236129000190
32236132000103
32237850000102
32240478000185
32241851000112
32245229000182
32245229000263
32245238000173
32245872000106
32246578000119
32246768000136
32246989000104
32251187000192
32251716000158
32253568000100
32255030000135
32255030000216
32255038000100
32256114000274
32258947000193
32259307000106
32260274000106
32265199000176
32269266000120
32269921000140
32270503000173
32270503000254
32273995000150
32274689000139
32278448000168
32278448000249
32278984000163
32278984000244
32280782000156
32285696000136
32285910000154
32286523000132
32289106000143
32289106000224
32289538000154
32289542000112
32289544000101
32289552000158
32289552000239
32290095000111
32290433000115
32294123000179
32294361000184
32294566000160
32296885000104
32297349000123
32297779000145
32298375000176
32298476000147
32298486000182
32323176000170
32323338000170
32323668000166
32323668000247
32324027000126
32324027000207
32324215000154
32324357000111
32326959000108
32341061000109
32341069000175
32341354000196
32346007000156
32347376000163
32357231000143
32357231000224
32357233000132
32357233000213
32365333000100
32368345000199
32368830000162
32369870000129
32371324000122
32373116000162
32373116000243
32374542000110
32374679000175
32381607000155
32388088000157
32388090000126
32388198000119
32390701000170
32399596000130
32399601000105
32405597000140
32405602000115
32406508000180
32416826000122
32417301000101
32418526000182
32420079000104
32426220000178
32426220000259
32426220000330
32426271000108
32426360000146
32431931000130
32436440000182
32439644000177
32442175000145
32442769000156
32442776000158
32443986000160
32443986000241
32444116000106
32444277000108
32450149000169
32450156000241
32452528000198
32454898000164
32462801000165
32471257000118
32471853000289
32482667000164
32484260000257
32485750000197
32490564000146
32490564000227
32491765000168
32491765000249
32492691000184
32493484000144
32494028000119
32495198000118
32497742000160
32503256000108
32503256000299
32503256000370
32503256000450
32504244000106
32515424000185
32521578000180
32543195000102
32543432000135
32543974000108
32551249000181
32558040000140
32558277000120
32558654000121
32560491000111
32571513000149
32571514000193
32575042000147
32575044000136
32575044000306
32577345000107
32577345000280
32577345000360
32579248000145
32579248000226
32582935000110
32588736000119
32589468000150
32592022000184
32592916000174
32594974000137
32598891000116
32600289000176
32600289000257
32603921000135
32603925000113
32609439000102
32609439000293
32609439000374
32610934000131
32611841000121
32614039000195
32614039000276
32617960000191
32622254000138
32622588000101
32625075000154
32629310000166
32640684000182
32652408000134
32652408000215
32654484000189
32658703000106
32658703000289
32659010000120
32668769000179
32671333000139
32675303000109
32683581000108
32683585000188
32683681000126
32684844000195
32685089000163
32692573000110
32692573000209
32692573000381
32696636000106
32699082000109
32702692000106
32706190000153
32710718000168
32713522000127
32720379000109
32726015000128
32726018000161
32732758000100
32737171000194
32738094000197
32744935000179
32747557000187
32747780000124
32765664000138
32768001000177
32768005000155
32775240000154
32776195000152
32777900000136
32777900000217
32777900000306
32777900000489
32783984000110
32785259000181
32786539000104
32786540000139
32786542000128
32800133000139
32807137000149
32807143000104
32808467000159
32808467000230
32812163000165
32812163000246
32817047000139
32822513000174
32823919000171
32824016000105
32827738000113
32828847000155
32842265000123
32842277000158
32844341000130
32845049000131
32845954000191
32847131000103
32855099000108
32855688000188
32855688000269
32855688000340
32856450000177
32860109000195
32860463000110
32879610000101
32879610000284
32879610000365
32882014000172
32882547000154
32887775000117
32889485000293
32891055000125
32891060000138
32894774000108
32894774000280
32894774000361
32894774000442
32899716000169
32900701000173
32900701000254
32900701000335
32912975000344
32912975000425
32912975000506
32912975000697
32915725000104
32922350000100
32925221000167
32926559000133
32938898000130
32938898000210
32944164000163
32954431000183
32954913000133
32954930000170
32962483000100
32973819000121
32974296000138
32985777000149
32985777000220
32985777000300
32986208000118
32991493000165
32991836000191
32992424000176
32999710000163
33009064000102
33010144000188
33017339000150
33019888000163
33019893000176
33021154000119
33024079000220
33026326000147
33039666000102
33040918000113
33049075000116
33049075000205
33057808000164
33065302000105
33065302000288
33065302000369
33069620000136
33069620000217
33069620000306
33072102000171
33074306000141
33074306000222
33094321000151
33099590000100
33109545000190
33109641000138
33109641000219
33109642000182
33109642000263
33109728000105
33110121000145
33110122000190
33110125000123
33151668000199
33151668000270
33151668000350
33152251000221
33152251000302
33152251000493
33152251000574
33153501000167
33154163000188
33154301000129
33154325000188
33154507000159
33161439000155
33164643000120
33164643000200
33166530000163
33168077000124
33170675000138
33174965000150
33175305000193
33181380000167
33182754000169
33183095000185
33191979000181
33191988000172
33192601000100
33193800000125
33198826000166
33213362000110
33213368000197
33213402000123
33213402000204
33213402000395
33213402000476
33222484000172
33225893000122
33227484000165
33227484000246
33228695000112
33229426000170
33236372000251
33237345000112
33240271000173
33243492000103
33249440000136
33258879000125
33258879000206
33262209000182
33262209000263
33263489000143
33263515000133
33269014000164
33269021000166
33271085000100
33271170000160
33282274000170
33286945000170
33286959000194
33286959000275
33286973000279
33300411000151
33306061000130
33307241000137
33312023000190
33321607000122
33329163000171
33334669000179
33335478000121
33336648000192
33344254000186
33346303000110
33346931000103
33346931000286
33346931000367
33346931000448
33346931000529
33346938000117
33347358000144
33347358000225
33355641000118
33356400000193
33356404000171
33358944000194
33358944000275
33358944000356
33358944000437
33358944000518
33358944000607
33358944000780
33358944000860
33358944000941
33358944001085
33358944001166
33365312000158
33366124000144
33366124000225
33366124000306
33367965000176
33367982000103
33368109000135
33368109000216
33375027000207
33375027000380
33375360000127
33375834000130
33376375000100
33385354000150
33385354000231
33385354000312
33385354000401
33385358000139
33385358000210
33386249000136
33393319000183
33397529000220
33397538000211
33397538000300
33397538000483
33404650000232
33414978000159
33416055000136
33416887000152
33420504000110
33420505000164
33420505000245
33420523000146
33420544000161
33420544000242
33421308000160
33421308000240
33422376000143
33422376000224
33422376000305
33422376000496
33423299000146
33432415000193
33432415000274
33438461000108
33440606000105
33440607000141
33442605000191
33454969000191
33455784000100
33463562000120
33464465000233
33466488000104
33466488000287
33467089000150
33467092000173
33467548000103
33467559000185
33467559000266
33468143000181
33471024000188
33475745000166
33483559000179
33487769000135
33490040000118
33500249000115
33514195000147
33519884000225
33520647000101
33520647000365
33525808000141
33526281000170
33535332000120
33535333000174
33535611000193
33536120000167
33541465000109
33542023000187
33542128000136
33555623000180
33555837000156
33557250000186
33557250000267
33557250000348
33559560000130
33561591000125
33562005000167
33565344000288
33565344000369
33567361000173
33568287000100
33568707000158
33572290000105
33572300000285
33573431000104
33573431000368
33578779000186
33580471000175
33581173000108
33581177000188
33581180000100
33583019000167
33584209000107
33591183000116
33591183000205
33592054000142
33600657000220
33600657000300
33600657000491
33600657000572
33600657000653
33603295000140
33606743000169
33607047000177
33607051000135
33607051000216
33607053000124
33607456000173
33612053000201
33612069000125
33613912000198
33615606000190
33616506000189
33619514000189
33619523000170
33620511000165
33620524000134
33622740000119
33622956000184
33630665000138
33630669000116
33630669000205
33634273000147
33634442000149
33638640000180
33638645000103
33641993000130
33641993000210
33647239000107
33647620000176
33647627000198
33647771000124
33647988000134
33647989000189
33648251000136
33648251000306
33649615000100
33649733000100
33649734000236
33649734000317
33650234000133
33650234000214
33702007000104
33702009000101
33702009000284
33702017000140
33702017000220
33702868000192
33703317000143
33703677000145
33703688000125
33705642000226
33706947000171
33709162000152
33714376000117
33714376000206
33714390000110
33714390000200
33716415000115
33716415000204
33716415000387
33716988000149
33717001000100
33717263000175
33717522000168
33720868000115
33720868000204
33720868000387
33741544000163
33741641000156
33747229000143
33747229000224
33755131000138
33755131000219
33756072000112
33759245000156
33759245000237
33765044000161
33765049000194
33766484000133
33769411000103
33771351000155
33776948000192
33776966000174
33781496000137
33784566000100
33784566000291
33789120000179
33794229000102
33796425000108
33797979000120
33803789000178
33803794000180
33804806000191
33805720000183
33811478000150
33812623000118
33812623000207
33812626000151
33812634000106
33816197000190
33828749000180
33828759000116
33828768000107
33830578000124
33830578000205
33836753000190
33840559000189
33840560000103
33844882000120
33849104000124
33862209000113
33863056000129
33866655000287
33866655000368
33885031000126
33885031000207
33885031000479
33888327000281
33888342000149
33905263000107
33905263000280
33906273000159
33907698000182
33918437000168
33919458000106
33920107000107
33922175000105
33930435000194
33930435000275
33930435000356
33967576000181
33969175000160
33969175000241
33969175000322
33970114000113
33980331000194
33980331000275
33980331000356
33980331000437
33980336000117
33980336000206
33980336000540
33980336000621
33984249000138
33987851000129
34003553000110
34007561000134
34007577000147
34025170000142
34033846000220
34042201000173
34044125000135
34044125000216
34053427000170
34060761000150
34060761000231
34076160000136
34077103000171
34078273000170
34082681000104
34085757000147
34085757000228
34096281000140
34109831000118
34113034000104
34113034000295
34122809000108
34122809000299
34123700000195
34125240000134
34126579000155
34127206000107
34127210000167
34130460000156
34130868000128
34142658000150
34163801000190
34163801000270
34164552000157
34173072000152
34183891000180
34187578000110
34187586000167
34187865000120
34190674000118
34198372000196
34231417000187
34231907000183
34231907000264
34232248000108
34237122000118
34241824000175
34251839000114
34254085000156
34260128000106
34262031000132
34263737000119
34263737000208
34266721000160
34280375000174
34283546000119
34287882000130
34287882000210
34287882000300
34297425000126
34302154000150
34308849000149
34309108000182
34309683000185
34334309000130
34335106000168
34339764000128
34345853000187
34369669000177
34372859000143
34378475000138
34378475000219
34384787000154
34399490000162
34400518000134
34402530000188
34425091000129
34431661000193
34431661000274
34431661000355
34431661000436
34433699000286
34433703000125
34434125000222
34453361000105
34462370000162
34476538000199
34489246000190
34492448000191
34492448000272
34492448000353
34492448000434
34492448000515
34492448000604
34492448000787
34492448000868
34492448000949
34506052000156
34508142000186
34508142000267
34510845000149
34516441000162
34524574000180
34526107000190
34526107000270
34529620000134
34531839000178
34531887000166
34531925000180
34536108000115
34536108000204
34540982000126
34541001000165
34542909000193
34543019000104
34543019000287
34543019000368
34543019000449
34546287000252
34546287000333
34549926000152
34575315000260
34576742000181
34578372000111
34585411000108
34603504000118
34615811000119
34615826000187
34618839000100
34650808000136
34671020000297
34681195000102
34681541000144
34682094000148
34685803000149
34686607000199
34687982000153
34719156000149
34744810000174
34747060000194
34750675000170
34753971000124
34768684000198
34770497000149
34774734000140
34775324000466
34781908000100
34785065000101
34785765000104
34786504000109
34795811000148
34795813000137
34795822000209
34798984000110
34800793000145
34819228000120
34819795000186
34824361000174
34824361000255
34839339000106
34839547000105
34847959000189
34847959000260
34848324000104
34848896000185
34848907000127
34848912000130
34848920000186
34848930000200
34848930000383
34848931000166
34848931000247
34849870000151
34849874000130
34849908000196
34849928000167
34858176000109
34862213000144
34862217000122
34862226000113
34863042000178
34863958000128
34866401000140
34869858000290
34869858000370
34869858000532
34870540000148
34870542000137
34870692000140
34870692000221
34870693000195
34870693000357
34884291000140
34893378000183
34894855000125
34894856000170
34894921000167
34900850000168
34906134000198
34907583000150
34907599000163
34907599000244
34912499000125
34912523000126
34914071000111
34914079000188
34915719000174
34916879000138
34916887000184
34917091000146
34922893000144
34922893000225
34925278000191
34925704000197
34946647000122
34955511000189
34955511000260
34966491000141
34971046000170
34971089000155
34974001000159
34974574000182
34978177000189
34978823000108
34978823000299
34989370000115
34989382000140
34989388000117
34989390000196
34989396000163
34992961000141
34992961000222
34992961000303
34992965000120
34992970000132
34994331000106
34995486000167
34995486000329
34997131000107
34998924000140
34998932000197
34999570000159
35000200000129
35000200000200
35000200000390
35000427000174
35000427000255
35000427000336
35002227000150
35002241000235
35002241000405
35002248000176
35002683000109
35004445000124
35005555000100
35005555000291
35010672000162
35012073000188
35015688000168
35027623000132
35027624000187
35034176000149
35044599000140
35044604000114
35044606000103
35045424000157
35045457000105
35049070000119
35049108000153
35051670000111
35052942000106
35056728000110
35056728000209
35059687000115
35069938000142
35073994000150
35073994000231
35074006000198
35074009000121
35074009000202
35076100000186
35080022000193
35080029000105
35080029000296
35081029000120
35081037000176
35081037000257
35082757000156
35088570000160
35088778000189
35096926000107
35096938000131
35096989000244
35096989000325
35096989000406
35096989000597
35097006000103
35097006000294
35097006000375
35102023000191
35102030000193
35102030000274
35112816000191
35113916000213
35113916000302
35119316000262
35121740000160
35130227000136
35130227000217
35130252000110
35134344000178
35134344000259
35138083000164
35138083000245
35138092000155
35138094000144
35140567000148
35141685000170
35142936000212
35142936000301
35144151000289
35145469000101
35150546000103
35150568000173
35150568000254
35153217000116
35153430000128
35154070000189
35154070000260
35156878000103
35156878000367
35157058000128
35157303000288
35172094000160
35174032000198
35176573000155
35176573000236
35176573000317
35180057000102
35183418000166
35183420000135
35183823000184
35188046000160
35188046000241
35188058000195
35188477000127
35188818000164
35189709000161
35189709000242
35189709000323
35195937000144
35198839000160
35200248000180
35200271000175
35200299000102
35200301000143
35202955000106
35202963000152
35204183000141
35208531000159
35211092000133
35211130000158
35220088000131
35220088000212
35220101000152
35220174000144
35220174000225
35220186000179
35220192000126
35224207000124
35225679000100
35227163000196
35227163000277
35227614000195
35230254000180
35230939000127
35231981000162
35232006000179
35232012000126
35232012000207
35233241000165
35233298000164
35233298000245
35239857000143
35239857000224
35255313000175
35255316000109
35255316000370
35255317000153
35255317000234
35255318000106
35255319000142
35255319000223
35255320000258
35255323000100
35255323000291
35256666000190
35256687000105
35258138000170
35258208000190
35259193000184
35259884000188
35259884000269
35264471000191
35265935000184
35265939000162
35267618000105
35268489000161
35268511000173
35271504000120
35271504000201
35271504000392
35271504000473
35271504000554
35280326000102
35280326000285
35280330000162
35280341000142
35284251000120
35284251000200
35285083000197
35285100000196
35286427000182
35288012000148
35290401000108
35293677000140
35295482000139
35296509000108
35296533000147
35296549000150
35296561000164
35297369000192
35300249000105
35300255000154
35302864000142
35304236000104
35304242000153
35308003000171
35312627000162
35314931000149
35315857000185
35315871000189
35316814000114
35316817000158
35323092000125
35323841000114
35323841000203
35323841000386
35324347000174
35324347000255
35324354000176
35326186000158
35327231000199
35329000000114
35330045000109
35330048000142
35330048000223
35330587000181
35330830000161
35332864000195
35332866000184
35335186000114
35335186000203
35335186000386
35335186000467
35336602000107
35337876000102
35338198000100
35338198000364
35338213000102
35338213000293
35338213000374
35338598000108
35338744000103
35338908000194
35338940000170
35338945000100
35338945000283
35339417000168
35340117000107
35342381000171
35343970000174
35345096000104
35345096000295
35345679000135
35346292000101
35350977000202
35352485000167
35352990000101
35353823000185
35353851000100
35355977000297
35358876000350
35360947000198
35366802000102
35367940000106
35372916000157
35377741000170
35379861000107
35383849000176
35395418000120
35397438000130
35397456000111
35397456000200
35401544000140
35401544000220
35401552000196
35401564000110
35401564000200
35401573000101
35401583000147
35401583000309
35401583000490
35402844000143
35403902000153
35404597000203
35405212000133
35405506000165
35405508000154
35405514000101
35408056000164
35409638000165
35411981000144
35412997000171
35413526000188
35413877000199
35414503000198
35420772000167
35420780000103
35420999000102
35421170000124
35423911000106
35423918000128
35424462000110
35424467000143
35427983000121
35431877000111
35431919000114
35431921000193
35435341000174
35435923000150
35435955000156
35436234000160
35436241000162
35441396000197
35442632000190
35442662000104
35449463000110
35450165000140
35450512000134
35453495000199
35453495000270
35455662000130
35457698000153
35457698000234
35460913000175
35460945000170
35460945000251
35460945000332
35460945000413
35460945000502
35460951000128
35462767000117
35462776000108
35469225000176
35471703000182
35474163000190
35474175000115
35476631000166
35479164000128
35480692000105
35480701000150
35480701000230
35480701000311
35481904000160
35481904000241
35481912000107
35481918000184
35484813000189
35484817000167
35484830000116
35484830000388
35485270000114
35486247000144
35486249000133
35486321000122
35488120000164
35489952000103
35489952000286
35489953000140
35489953000220
35489953000301
35489965000174
35489985000145
35489989000123
35489989000204
35494076000103
35494093000132
35497901000115
35500884000128
35500886000117
35501960000110
35501975000188
35501977000177
35508540000165
35508540000327
35508540000408
35508547000187
35508547000349
35508547000420
35510253000190
35514335000102
35518194000104
35518218000206
35518218000389
35518218000460
35518218000540
35523983000125
35524646000152
35530248000300
35536468000180
35536516000210
35537326000137
35543903000101
35543903000284
35549409000146
35549409000227
35551585000112
35551593000169
35552319000104
35552326000106
35552326000297
35552762000185
35552762000266
35552770000121
35552770000202
35554214000194
35554214000356
35554214000437
35555415000106
35555415000297
35559492000134
35559492000215
35559494000123
35559495000178
35559495000259
35559495000330
35561623000118
35561626000151
35561629000195
35561629000276
35562319000195
35563379000122
35563943000107
35567939000117
35567939000206
35579643000205
35583691000188
35588092000157
35594153000199
35606395000155
35606395000236
35606395000317
35606398000199
35606401000174
35606401000255
35606401000336
35606401000417
35607835000199
35611836000107
35611836000298
35611836000379
35611837000151
35612460000155
35612461000108
35612607000107
35612607000379
35612624000144
35612624000225
35612785000138
35613103000101
35617945000131
35628792000128
35628876000242
35628876000404
35628879000103
35628917000110
35631257000126
35631270000185
35633705000120
35633705000201
35634117000101
35634798000108
35634824000106
35635222000165
35638856000252
35638863000173
35638866000107
35640042000171
35640057000130
35640662000100
35641187000197
35641196000188
35644667000101
35644667000292
35645714000131
35645714000212
35649505000166
35651485000168
35652705000178
35653665000189
35653715000128
35654234000137
35654238000115
35654240000194
35654245000117
35655435000159
35655454000185
35655481000158
35655484000191
35655484000272
35655490000149
35655496000116
35655498000105
35655499000150
35655499000230
35655502000135
35655506000113
35655508000102
35656360000120
35657455000169
35657465000102
35657471000151
35662058000185
35662061000107
35664213000100
35664447000140
35665034000180
35674513000162
35674513000243
35679771000131
35679801000100
35679801000290
35679801000371
35679801000452
35679820000136
35679820000217
35679820000306
35679820000489
35679848000173
35685763000106
35688872000179
35691456000120
35697097000118
35700597000161
35700600000147
35700861000167
35703773000119
35704694000122
35704694000394
35704694000475
35706557000208
35706564000129
35707146000156
35710996000103
35712162000137
35718641000160
35719386000170
35721352000110
35729051000214
35729057000100
35729529000125
35730181000196
35744312000194
35744318000161
35744346000189
35747202000186
35749476000104
35749531000166
35751383000114
35751383000203
35753528000116
35754546000112
35755668000123
35755671000147
35755680000138
35756497000157
35756502000121
35756506000100
35756511000112
35756513000101
35756518000134
35756523000147
35756523000228
35756523000309
35756526000180
35756539000150
35756539000230
35756545000107
35757177000111
35761895000161
35763568000149
35763571000162
35764756000191
35764772000184
35764792000155
35764806000130
35764818000165
35764824000112
35766342000100
35767934000138
35767934000219
35767974000180
35768776000130
35769279000157
35769286000159
35769578000191
35769582000150
35771122000166
35771719000100
35771719000291
35771723000179
35771725000168
35773541000137
35773541000480
35775028000185
35779691000158
35780195000203
35782332000150
35784729000180
35785565000106
35785572000108
35785573000152
35786654000177
35787044000198
35787052000134
35787652000100
35787652000283
35790375000187
35800766000135
35800851000101
35803180000124
35805906000168
35805913000160
35805914000104
35805914000295
35805917000148
35805929000172
35806665000171
35806666000116
35808861000185
35809778000120
35810882000135
35814352000165
35814352000246
35815124000100
35815831000104
35816094000156
35816490000183
35816490000264
35817757000157
35819368000160
35819373000173
35820092000130
35820096000119
35820096000208
35824493000169
35824975000119
35824980000121
35825288000118
35825297000109
35825297000290
35825297000370
35825301000139
35825434000105
35825434000296
35825436000102
35825441000298
35825441000379
35825443000104
35828527000193
35828527000274
35828528000138
35840077000154
35840452000166
35840452000247
35840697000193
35844197000120
35844198000174
35844198000255
35847423000126
35852042000135
35852563000192
35852563000273
35865357000117
35866510000120
35866510000201
35868187000124
35882089000141
35882936000178
35882938000167
35883160000100
35883160000291
35883160000372
35883352000117
35883353000161
35883353000242
35883355000150
35883600000472
35884078000109
35884079000145
35884079000226
35884333000105
35888906000179
35900199000199
35900244000105
35900276000100
35900276000291
35900276000372
35905584000129
35905586000118
35906432000140
35906432000221
35906438000118
35906444000175
35906444000256
35924441000245
35924469000100
35924470000126
35924480000161
35924482000150
35924490000105
35924490000288
35924492000196
35924492000277
35924502000193
35924502000274
35924502000355
35924508000160
35926887000128
35930144000121
35932196000137
35932197000181
35934618000294
35939781000169
35945711000113
35945711000385
35945711000466
35952986000184
35952988000173
35952988000254
35953143000100
35953270000100
35953274000180
35953274000260
35956811000145
35957888000130
35959165000170
35959168000103
35964251000170
35964265000194
35965750000182
35965750000263
35966819000192
35966819000273
35984223000115
35984224000160
35984227000101
35986159000101
35986159000292
35986188000173
35986188000254
35986201000194
35986201000275
35986617000102
35986816000110
36000833000108
36000853000170
36000853000251
36000862000161
36002633000186
36002637000164
36002637000245
36005685000106
36006000000146
36006000000308
36006000000650
36006000000731
36006566000178
36014749000135
36018435000100
36021606000150
36030471000190
36030490000116
36032690000108
36032743000190
36034251000134
36034274000149
36036971000139
36036971000309
36037599000185
36040135000128
36041852000174
36044028000178
36045905000125
36047503000160
36050064000144
36050281000134
36056756000108
36057692000151
36057692000232
36057692000313
36059329000175
36060607000104
36065090000146
36066937000107
36068448000194
36068448000275
36068448000437
36068448000518
36068702000154
36075402000100
36075465000310
36077407000164
36078150000165
36078235000143
36084962000113
36084965000157
36085525000114
36088139000186
36094081000183
36094660000126
36094661000170
36102297000143
36116607000189
36117923000175
36118286000151
36118286000232
36118286000402
36118286000585
36118287000104
36118447000107
36118559000249
36118840000109
36118979000144
36120647000102
36126287000148
36126287000229
36129557000174
36131432000189
36131438000156
36131838000161
36131848000105
36131854000154
36149593000108
36149609000174
36149609000255
36149610000107
36149614000187
36149618000165
36150310000130
36150317000151
36150326000142
36150327000197
36154574000161
36159165000158
36161871000134
36161887000147
36161887000228
36169935000143
36171057000109
36175510000147
36176962000143
36178538000138
36178565000100
36178584000137
36178584000218
36183403000160
36183403000241
36183403000322
36184277000169
36184284000160
36184289000193
36184289000274
36184291000162
36184291000243
36184293000151
36188650000150
36188650000230
36193906000117
36195037000160
36199444000145
36199454000180
36199482000106
36199497000166
36199497000247
36203623000109
36203806000124
36206299000182
36207909000162
36207909000243
36208675000178
36215569000111
36217977000293
36217977000374
36217977000455
36228433000146
36232324000100
36232339000160
36232396000140
36242430000167
36242430000248
36242430000329
36242672000150
36242672000231
36243081000106
36243818000182
36243819000127
36243819000208
36250947000106
36251195000190
36253568000161
36258541000161
36259272000158
36261296000141
36265042000100
36270290000130
36270290000211
36276056000110
36276062000178
36276064000167
36276068000145
36276071000169
36276071000240
36284350000174
36284351000119
36284378000101
36284378000292
36286868000147
36296146000173
36304514000188
36304515000122
36304515000203
36309187000157
36309195000101
36326224000135
36328843000169
36334534000100
36334553000128
36334553000209
36334572000154
36338725000131
36338725000212
36339139000101
36339139000292
36339823000193
36340863000155
36342564000150
36344961000160
36347088000160
36350261000189
36350280000105
36351717000125
36352643000141
36356264000120
36356907000135
36357833000151
36359287000198
36360755000144
36363936000124
36367495000139
36367516000205
36368999000173
36384749000127
36384822000322
36384874000137
36385004000182
36385008000160
36391503000182
36392156000102
36394995000160
36396135000165
36396143000101
36400595000209
36404798000184
36408972000167
36408982000100
36410617000122
36410617000203
36410626000113
36412548000196
36412548000277
36412561000145
36412561000226
36413189000191
36413191000160
36413195000149
36413669000152
36413687000134
36413687000215
36417333000168
36417333000249
36420847000172
36421163000195
36424052000132
36432824000188
36435096000168
36435096000249
36435498000162
36435504000181
36435504000262
36435504000343
36435548000292
36435625000123
36437050000188
36437618000160
36437763000141
36437921000163
36444849000100
36444849000282
36444945000140
36446061000124
36446073000159
36446082000140
36446112000118
36446121000109
36446674000161
36446674000242
36447702000165
36447703000100
36447705000107
36447705000280
36447707000198
36447707000279
36447900000129
36447905000151
36447920000108
36449193000100
36451781000188
36456204000189
36458715000130
36464909000148
36465795000150
36469826000141
36470655000170
36477940000113
36477942000102
36477942000374
36477942000455
36477942000536
36477942000617
36478393000190
36478393000271
36479430000185
36484645000194
36485524000167
36489742000170
36491452000160
36492488000169
36492804000100
36492987000156
36492994000158
36493012000142
36493015000186
36493244000109
36493244000281
36493246000190
36493247000134
36493248000189
36493248000260
36493248000340
36500332000182
36509155000103
36509165000130
36509165000211
36509170000143
36509176000110
36509181000123
36509334000132
36509357000147
36509379000107
36509385000164
36509386000109
36509391000111
36520584000173
36520631000189
36520631000260
36520631000340
36520665000173
36520665000254
36520700000235
36521779000308
36522037000127
36522057000106
36531783000187
36537466000178
36537489000182
36537498000173
36539860000145
36547794000236
36547794000406
36555312000109
36557316000126
36558296000108
36565480000185
36566688000119
36573880000132
36573887000154
36575172000130
36575357000145
36575357000226
36575357000307
36575357000498
36575492000190
36579763000186
36586841000170
36600202000111
36605235000235
36607206000121
36607223000169
36608812000242
36608843000112
36609813000120
36610656000173
36617724000126
36617781000105
36618508000103
36618990000173
36620697000140
36620718000128
36620718000209
36620718000390
36622318000151
36626024000106
36628440000135
36628440000216
36628440000305
36628440000569
36633700000160
36635532000142
36638264000112
36638284000193
36643703000185
36643703000266
36643714000246
36643718000143
36643718000224
36644008000219
36644028000109
36645775000161
36645776000106
36647759000108
36647759000370
36647759000450
36658381000148
36658381000229
36659782000112
36666746000186
36667685000171
36673993000100
36674772000156
36685420000104
36685420000287
36685759000100
36685759000283
36688392000170
36688392000251
36688951000142
36688953000131
36688956000175
36691702000106
36692946000103
36692946000294
36697298000188
36697300000208
36697300000380
36697318000110
36698284000189
36698299000147
36698299000228
36698302000122
36698919000148
36698952000178
36702646000168
36703703000123
36705985000106
36706597000131
36712436000150
36713769000102
36713769000285
36718722000123
36719825000108
36723501000143
36723501000224
36724331000111
36731023000113
36731039000126
36731043000194
36732282000169
36732498000124
36738323000124
36738330000126
36738330000207
36738825000155
36738825000236
36740067000100
36744661000179
36749772000178
36750443000147
36750445000136
36750450000149
36750451000193
36754957000170
36755446000173
36756857000183
36756874000110
36758535000173
36766142000101
36766144000109
36767008000125
36770155000154
36770155000235
36774536000373
36775556000105
36780060000111
36780514000154
36780836000101
36782036000111
36782040000180
36783171000181
36783182000161
36783182000323
36783185000103
36783186000140
36784711000141
36785290000173
36785295000104
36786070000164
36786429000101
36786433000161
36807454000116
36822444000150
36832634000158
36834644000122
36835903000130
36838512000179
36838512000250
36838512000330
36838513000113
36842239000156
36842239000237
36842566000108
36842567000152
36852001000101
36852001000292
36852001000373
36854167000167
36854167000329
36854167000590
36863706000124
36863709000168
36863709000249
36864485000109
36866801000262
36866801000343
36875720000148
36878150000140
36879683000146
36889735000165
36895594000274
36895794000146
36897116000112
36897116000201
36897117000167
36904080000157
36907920000135
36907920000216
36910551000130
36924904000150
36927031000130
36928148000138
36928149000182
36936279000248
36941158000103
36944745000156
36950065000145
36950724000143
36969174000104
36981838000150
36992773000149
36996953000107
36996953000280
36996953000360
36996953000441
36996953000522
36996953000603
36996953000794
36996953000875
36996953000956
36996953001090
36996953001170
36996953001251
36996953001332
37000037000120
37009666000110
37009666000200
37012601000124
37013098000121
37013106000300
37013621000110
37014146000368
37017113000100
37017113000290
37017692000190
37018873000131
37019091000117
37023594000166
37028207000184
37033309000198
37041628000145
37042341000130
37058051000184
37063858000105
37065830000107
37069527000182
37070073000240
37070073000321
37070073000402
37070073000593
37073924000128
37074470000100
37074472000107
37075911000198
37075912000132
37075912000213
37080618000119
37082788000132
37083130000145
37083130000226
37083130000498
37083130000579
37084656000140
37084660000108
37088409000111
37089366000199
37093656000106
37093657000150
37093657000231
37094145000109
37099254000119
37099536000116
37105344000175
37105344000256
37105344000337
37108855000140
37127157000192
37127376000171
37127376000252
37129213000128
37130500000158
37130500000239
37134096000190
37134096000271
37134096000352
37134098000180
37135375000179
37141668000169
37141668000240
37152585000175
37164255000108
37166461000149
37166463000138
37166505000130
37166505000211
37169724000173
37171621000148
37171621000229
37171636000106
37171636000378
37174442000164
37174442000245
37177176000123
37178475000182
37179080000102
37188511000199
37191438000104
37201416000188
37206286000176
37206286000257
37217605000149
37217605000220
37231150000116
37235365000105
37235896000106
37244740000183
37245851000104
37245852000159
37246424000140
37251990000140
37254339000124
37254925000179
37257337000199
37257908000195
37257910000164
37257915000197
37259395000151
37262271000125
37262877000160
37269074000138
37291667000109
37291668000145
37294565000139
37294574000120
37306060000147
37306060000228
37306565000101
37306565000373
37306569000190
37311554000110
37312093000108
37328102000140
37328394000111
37333910000104
37333910000287
37336049000120
37353563000173
37379324000192
37381794000190
37381797000124
37382359000180
37382359000261
37383416000146
37383683000113
37392640000102
37392640000285
37394447000100
37395075000129
37405713000145
37415238000198
37415704000135
37415704000216
37415705000180
37415705000260
37415706000124
37415706000205
37415706000396
37415711000137
37430101000102
37437554000160
37438349000110
37453196000180
37455644000184
37455644000265
37471201000187
37471201000268
37471376000194
37471963000183
37471963000264
37472242000198
37472244000187
37472246000176
37473738000186
37499493000166
37499817000166
37499817000247
37499826000157
37500080000154
37500080000235
37500080000316
37500080000405
37501273000120
37502485000121
37502485000202
37502485000393
37503330000100
37504108000121
37506549000162
37508061000174
37508633000115
37508939000171
37511563000154
37513429000192
37519432000113
37519435000157
37520035000161
37532007000164
37532400000158
37543776000168
37543776000249
37544438000140
37544438000221
37544438000302
37544438000493
37544438000574
37544438000655
37544438000817
37544438000906
37544438001031
37544438001112
37544438001201
37544438001384
37544438001465
37544438001546
37544438001627
37544438001708
37544438001899
37544438001970
37544438002003
37544438002194
37544438002356
37544438002437
37544438002518
37544438002607
37544438002780
37544438002860
37544439000357
37545492000100
37545608000101
37545609000156
37545690000174
37545690000255
37545690000336
37545691000119
37545693000108
37545693000299
37550633000183
37560209000110
37564222000147
37568670000119
37584714000102
37595281000263
37595354000217
37595750000163
37595751000108
37635335000358
37635485000108
37635485000280
37648229000147
37652331000116
37654194000159
37654194000230
37659741000199
37667976000122
37680274000189
37683251000128
37683252000172
37753593000177
37754513000106
37755324000140
37755324000220
37755324000301
37755324000492
37755324000573
37756082000109
37756082000290
37758937000130
37771726000138
37771729000171
37771732000195
37780059000400
37791302000135
37798027000181
37798027000262
37801829000101
37801831000172
37818666000161
37824348000103
37830094000136
37841377000183
37845717000144
37852887000156
37864967000121
37864971000190
37864971000270
37882365000105
37889838000198
37889842000156
37889846000134
37890271000170
37914316000107
37914327000189
37914327000260
37919968000126
37919975000128
37920019000166
37921646000111
37922032000154
37922032000235
37934253000142
37959021000149
37964597000102
37964953000180
37973939000142
37988192000104
37988213000264
37988781000265
37993602000105
38002597000186
38017102000192
38045638000111
38045638000200
38045645000113
38045651000170
38045652000115
38048083000161
38048083000242
38048083000323
38052157000133
38052157000214
38052170000192
38053318000103
38053322000171
38066859000176
38066865000123
38070505000103
38070505000286
38087100000170
38089743000233
38136692000172
38154463000180
38174823000106
38176179000105
38177763000185
38179103000133
38193453000154
38200578000164
38206360000117
38206365000140
38206367000139
38206980000156
38208055000164
38208056000109
38208068000133
38208068000214
38214517000156
38220405000108
38231372000100
38235471000151
38235745000102
38236369000170
38236369000251
38236545000174
38237001000127
38238156000188
38254840000153
38254840000234
38261891000102
38268687000113
38270140000233
38270140000314
38276161000185
38285965000140
38296965000146
38296967000640
38296967000720
38296972000148
38298388000121
38302250000159
38303700000128
38305733000107
38307191000101
38307191000292
38307936000132
38325078000159
38325084000106
38325084000297
38326750000120
38340523000150
38340525000149
38340525000220
38340525000300
38340537000173
38346005000143
38355664000146
38355948000132
38379211000150
38379212000102
38379213000149
38379213000220
38379216000182
38379524000108
38389356000131
38391193000121
38391627000193
38391627000274
38391627000355
38406016000252
38406554000166
38412927000101
38421373000109
38421374000153
38427685000120
38428550000189
38430359000252
38442540000106
38443019000185
38452089000108
38452663000110
38452663000209
38452665000109
38456676000248
38456678000580
38461031000112
38462773000162
38462775000151
38462775000232
38462777000140
38462779000130
38482396000123
38482398000112
38484972000171
38490675000139
38496726000130
38497235000103
38497243000150
38497246000193
38497247000138
38498998000179
38505109000153
38581597000188
38589269000128
38589327000113
38589327000202
38589327000385
38589327000466
38591336000149
38663505000109
38686217000170
38686459000244
38686467000100
38714405000164
38733746000187
38755993000184
38756256000104
38756261000109
38756265000197
38756269000175
38756269000256
38756269000418
38756269000507
38756494000101
38778275000123
38778626000104
38778630000164
38800224000150
38821544000197
38826315000165
38826990000194
38860820000126
38872447000123
38890789000176
38890795000204
38891004000180
38891120000107
38891120000280
38903624000191
38903624000272
38906130000160
38927947000115
38927947000204
38947408000148
38949859000114
38949866000116
38950048000133
38972151000184
38972268000168
39158901000141
39166703000120
39167120000113
39167125000146
39225274000203
39225275000240
39225294000195
39225295000130
39231074000174
39237941000189
39237941000260
39237942000123
39240307000103
39240307000286
39240311000163
39256111000107
39256111000280
39256114000132
39256114000213
39258027000114
39258418000139
39258418000210
39258420000108
39258420000299
39258420000370
39258420000450
39275661000165
39276873000167
39276876000109
39276880000169
39284911000123
39284920000114
39284921000169
39284921000240
39285354000165
39285699000119
39286346000133
39291894000151
39291894000232
39291895000104
39293456000122
39293462000180
39293464000179
39306032000155
39307351000185
39307773000150
39309036000197
39311423000168
39313586000180
39316806000200
39316806000390
39324339000189
39324339000260
39324339000340
39332484000101
39333401000107
39333402000143
39333723000148
39333724000192
39337305000129
39340721000186
39341638000121
39345796000150
39352363000121
39352623000169
39352623000240
39353365000135
39353366000180
39357374000102
39357822000160
39357829000181
39358261000113
39363090000110
39363095000143
39363095000224
39363095000305
39367120000167
39367120000248
39367120000329
39367715000112
39375710000131
39375710000212
39382479000103
39383951000122
39394256000166
39394256000328
39394256000409
39395192000380
39399394000308
39406432000132
39406432000213
39406432000302
39406885000169
39406885000240
39406885000320
39407993000156
39408534000197
39408535000131
39413438000137
39413441000150
39413452000130
39418023000156
39418510000119
39423620000179
39423622000168
39423625000100
39424150000168
39428512000199
39428513000133
39430828000204
39430828000468
39432138000286
39435333000189
39435333000260
39435333000340
39438298000151
39438305000115
39438805000157
39442449000145
39442452000169
39442452000240
39453342000100
39454199000163
39454205000263
39456326000163
39456616000107
39458240000170
39468800000177
39471760000112
39471761000248
39478166000153
39478171000166
39478173000155
39478176000199
39478180000157
39478184000135
39478186000124
39478187000179
39478594000186
39479246000123
39480814000106
39484713000103
39484716000147
39486507000132
39489148000177
39489150000227
39489427000211
39491000000177
39491940000166
39492425000109
39496238000195
39496905000130
39497142000141
39502035000164
39502035000245
39502819000192
39503775000387
39506972000198
39507542000190
39507542000271
39514711000110
39547037000170
39547224000153
39547231000155
39547231000317
39547233000144
39547316000133
39547861000200
39547976000114
39548214000132
39548369000179
39548543000183
39548549000150
39548553000119
39548564000107
39548564000280
39565766000159
39565776000194
39565779000128
39566585000147
39567371000195
39570506000171
39570506000414
39570811000163
39575106000159
39577403000133
39586159000175
39589886000196
39591142000297
39591142000378
39591828000105
39596360000133
39600676000151
39600892000105
39600892000288
39600892000369
39600892000440
39600892000520
39600892000792
39606412000105
39610105000106
39615730000132
39616141000179
39616141000250
39616141000330
39643837000194
39643859000154
39643866000156
39644267000157
39644267000238
39657312000108
39657442000140
39657443000195
39657448000118
39657565000181
39657933000191
39662172000166
39662172000247
39671921000111
39672078000198
39672087000189
39672231000187
39675615000153
39676271000105
39676272000141
39687088000105
39687091000110
39688188000148
39702637000165
39702646000156
39702753000184
39702755000173
39702755000254
39702756000118
39702756000207
39703554000190
39703560000148
39703561000192
39703639000179
39703641000148
39703641000229
39703644000181
39703644000262
39703649000104
39703700000188
39703701000122
39703701000203
39703703000111
39703703000200
39703759000176
39709808000188
39709809000122
39711563000123
39712352000105
39713162000102
39715828000161
39716500000160
39718193000156
39721069000140
39722191000130
39729573000196
39731652000131
39731652000301
39733968000162
39736847000174
39737916000164
39738184000127
39738184000208
39738327000109
39738330000114
39743209000180
39743215000138
39744416000150
39746471000189
39750565000121
39752755000188
39754355000101
39755259000188
39757099000106
39757100000100
39759902000141
39760751000141
39764077000173
39764077000254
39764779000157
39772691000187
39775245000207
39775245000398
39775620000138
39775623000171
39775623000252
39775625000160
39776016000126
39776381000130
39776727000109
39779457000262
39779457000424
39780247000103
39780250000127
39780252000116
39780252000205
39780252000388
39780254000105
39780254000296
39780254000377
39782298000174
39787496000120
39787496000201
39787563000107
39787564000151
39787636000160
39787636000241
39787978000180
39787979000125
39787979000206
39791829000195
39795150000255
39800962000160
39801325000109
39801332000100
39801598000153
39802086000101
39802086000292
39809548000112
39809548000201
39809971000112
39810810000149
39810813000182
39811068000196
39811085000123
39811085000204
39811085000395
39811327000189
39811584000110
39811588000107
39811593000101
39811593000292
39811593000373
39811593000454
39813402000140
39815206000105
39817297000118
39818516000183
39818867000275
39818875000130
39818875000211
39818875000564
39818875000645
39818876000185
39827342000115
39830722000109
39830733000199
39833598000135
39839607000103
39849304000163
39854240000199
39859255000140
39860356000130
39862854000112
39873711000106
39873715000194
39874147000146
39886496000188
39886498000177
39887100000117
39887886000172
39888289000162
39897065000117
39897078000196
39897078000277
39897534000106
39897538000186
39897540000155
39897544000133
39899558000196
39902651000102
39902870000191
39902871000136
39904794000153
39904796000142
39906395000121
39907247000202
39907247000393
39909788000199
39912174000166
39912587000140
39912592000153
39914612000125
39914613000170
39914613000250
39915342000177
39930207000109
39930211000240
39931551000104
39931677000189
39931677000260
39931677000340
39931677000421
39931677000502
39931677000693
39931677000774
39931677000855
39931677000936
39931677001070
39931677001150
39931677001231
39931677001312
39931677001401
39931677001584
39931677001665
39931677001746
39931774000171
39933352000135
39933878000115
39933879000160
39934865000160
39934866000105
39934868000102
39937622000186
39937622000267
39937622000348
39940364000197
39941765000161
39943304000128
39943317000105
39948193000142
39952741000108
39952745000196
39954937000131
39955886000162
39956086000166
39956088000155
39959964000105
39959988000156
39960741000150
39960741000230
39960743000149
39961553000146
39961553000227
39961914000154
39961914000235
39969268000171
39969270000140
39971095000126
39972486000165
39976151000115
39976941000281
39976941000443
39978140000174
39978141000119
39979310000135
39983371000176
39983373000165
39983953000152
39987966000108
39988624000102
39988624000285
39991772000178
39991775000101
39993739000187
39994366000169
39997500000185
39999722000137
39999724000126
39999726000115
40003744000184
40003744000265
40015266000122
40015266000203
40015266000394
40015268000111
40015891000174
40017300000106
40019786000103
40019791000116
40020459000171
40020468000162
40020475000164
40030938000179
40031546000124
40031548000113
40033260000188
40036549000150
40036554000163
40040211000172
40041679000181
40041684000194
40041684000275
40041850000152
40045348000110
40045348000381
40049219000108
40049221000179
40049475000197
40049478000120
40049480000108
40049481000144
40049482000199
40049484000188
40050059000109
40050061000188
40058186000154
40058186000235
40059637000178
40060305000103
40063261000175
40066428000151
40072549000106
40072551000185
40073772000178
40074198000172
40074902000197
40074902000278
40078042000160
40079560000106
40079562000197
40079951000201
40087623000168
40087853000127
40087861000173
40087862000118
40089644000112
40089646000101
40089647000156
40089933000111
40091709000164
40091912000130
40092048000191
40092053000366
40092174000146
40093164000125
40102195000103
40103172000105
40106880000108
40106880000280
40106881000144
40108590000195
40109063000103
40109069000172
40109070000105
40112839000136
40114842000199
40114848000166
40114849000100
40114855000168
40114859000146
40114861000115
40116913000192
40117375000150
40117816000114
40117818000103
40118323000107
40118323000280
40119740000166
40120418000157
40120422000115
40120427000148
40122022000149
40122528000158
40122528000239
40122919000172
40125665000146
40127324000100
40128617000101
40132274000159
40133996000128
40135825000138
40139459000195
40139738000159
40140312000115
40140314000104
40144716000187
40147771000120
40151825000121
40152400000137
40153077000116
40153084000118
40156340000120
40156340000201
40156340000392
40156340000473
40156634000152
40156634000233
40156634000314
40156636000141
40156636000222
40156917000102
40157245000141
40158902000175
40160174000136
40160182000182
40160366000142
40165778000175
40165936000197
40167617000110
40169496000146
40169499000180
40169665000148
40171180000199
40176523000108
40177913000100
40179473000112
40180207000100
40181734000139
40183199000155
40183602000146
40184232000161
40184233000106
40184330000107
40186585000109
40188425000190
40189435000221
40189435000302
40189575000119
40189576000163
40191043000116
40191780000119
40192465000106
40193125000108
40194237000175
40201732000164
40203815000192
40204250000168
40207154000173
40207154000335
40207155000118
40207699000180
40208180000116
40208186000193
40208188000182
40209008000187
40209144000177
40211093000118
40211097000104
40211102000170
40213685000179
40214089000103
40214091000182
40214092000127
40214092000208
40222227000104
40222229000195
40225442000150
40227479000118
40227479000207
40242320000172
40242858000187
40242861000109
40242862000145
40248688000148
40248688000229
40248696000194
40249327000116
40251284000103
40254594000181
40255064000158
40255068000136
40256658000183
40257905000166
40261609000139
40264504000214
40271780000129
40272751000181
40272751000262
40275850000117
40276428000186
40276432000144
40280847000191
40283124000227
40284178000126
40284178000207
40284178000398
40284180000103
40284180000286
40284180000367
40284180000448
40284443000176
40288708000104
40290200000140
40291051000134
40291054000178
40300928000106
40300933000119
40300935000108
40301265000144
40301274000135
40301279000168
40308995000258
40308998000291
40308998000372
40309000000192
40311174000190
40313064000167
40314359000158
40315305000107
40316561000119
40316561000208
40317269000110
40318260000124
40318260000396
40318262000113
40318265000157
40318265000319
40329256000161
40333503000101
40333503000284
40333509000170
40333511000140
40335498000168
40335502000198
40337865000162
40337865000243
40337865000324
40337865000405
40337869000140
40342491000173
40342501000170
40345229000182
40345229000263
40345230000107
40345235000130
40345236000184
40345236000265
40345238000173
40345240000142
40345248000109
40345248000290
40345440000103
40345619000152
40345999000125
40346001000107
40346344000171
40346345000116
40346345000205
40346971000102
40346972000157
40349838000100
40355831000109
40359821000133
40359821000214
40362143000249
40372181000100
40375801000156
40379400000174
40380005000101
40380005000292
40380007000109
40380007000281
40380012000103
40384880000161
40389792000152
40391813000174
40395323000146
40395323000308
40395326000180
40395326000341
40395327000124
40395328000179
40407574000101
40407719000166
40407723000124
40407730000126
40407731000170
40407731000251
40412284000148
40412285000192
40412285000273
40419785000156
40419792000158
40421738000147
40421757000173
40439607000197
40439612000108
40446719000175
40446719000256
40447550000178
40453559000191
40453559000272
40458809000186
40459800000190
40459801000134
40459805000112
40459806000167
40459806000248
40461549000106
40468161000129
40469209000113
40469618000110
40477060000114
40488259000148
40488262000161
40488787000105
40495000000124
40495001000179
40496180000169
40497689000126
40497696000128
40497705000180
40499166000119
40500285000144
40508507000175
40525947000130
40527691000109
40527693000190
40527698000112
40527955000116
40528312000197
40528551000147
40528647000105
40528816000107
40528816000298
40528816000450
40528816000530
40529530000146
40529532000135
40529758000136
40552332000101
40552915000124
40553339000130
40553339000210
40553339000300
40554184000156
40554184000237
40554544000110
40556543000104
40556725000185
40557181000176
40557181000257
40567708000143
40571296000115
40571305000178
40571305000259
40572966000118
40573497000151
40585982000145
40586289000197
40586297000214
40586576000288
40586577000141
40587261000174
40594309000171
40594309000252
40594309000333
40595072000143
40595412000136
40601725000664
40603629000140
40603632000164
40604102000130
40604102000211
40610088000188
40610090000157
40610774000159
40616430000157
40616430000238
40616430000319
40616620000174
40616965000128
40616965000209
40621935000100
40621938000143
40622968000174
40623927000100
40623927000283
40623935000149
40624829000180
40625793000159
40642462000127
40642462000208
40651405000104
40651415000140
40656618000129
40656619000173
40656626000175
40656627000462
40656627000543
40656628000164
40658879000269
40658881000157
40662276000150
40666578000104
40667440000111
40674177000198
40679845000170
40680633000102
40680641000159
40681699000117
40682057000132
40682062000145
40682062000226
40682062000307
40682062000498
40701852000120
40702055000168
40702055000249
40702055000320
40702071000150
40702071000231
40702074000194
40702222000170
40702553000100
40702558000133
40702560000102
40702561000157
40702877000149
40703205000158
40703549000167
40703719000103
40704167000158
40705201000109
40707718000137
40707718000218
40707718000307
40707719000181
40707719000262
40707720000106
40707724000194
40707727000128
40708880000170
40708880000250
40708880000331
40710429000197
40714930000121
40717122000118
40717124000107
40717594000170
40717596000240
40722661000145
40722663000134
40725402000178
40739264000186
40746660000130
40746805000101
40754063000158
40755053000137
40755053000218
40764666000130
40764669000174
40767852000123
40771700000102
40771714000118
40776586000103
40781749000138
40784694000110
40785597000141
40785601000171
40786699000181
40787455000113
40790053000178
40790053000259
40801439000138
40804435000103
40810901000163
40810903000152
40818761000170
40819855000163
40823373000187
40824100000157
40836742000176
40837713000129
40837714000173
40837715000118
40839121000146
40841412000179
40841895000101
40842236000190
40842236000270
40842983000128
40842983000209
40845055000117
40851406000100
40851406000283
40851406000364
40851407000147
40851840000182
40852970000130
40853623000202
40853623000393
40853623000474
40865224000180
40867506000117
40869122000133
40869123000188
40869123000269
40869126000111
40869126000200
40869936000178
40870704000210
40872730000105
40875481000101
40875826000119
40875826000208
40876482000162
40876775000140
40876777000139
40879903000109
40879907000197
40880869000192
40880870000117
40895321000116
40901393000129
40903803000170
40905764000140
40905765000195
40905767000184
40905767000265
40906704000142
40909651000113
40909651000202
40910379000191
40911260000133
40912127000100
40912959000118
40912959000207
40912962000131
40913823000122
40913830000124
40915102000151
40918232000148
40918239000160
40918239000240
40932716000141
40933762000165
40933762000246
40935240000100
40935244000180
40940077000166
40940609000165
40945417000141
40946365000128
40947282000153
40947282000234
40947282000315
40954060000168
40961935000159
40964428000179
40969387000103
40976439000179
40976439000250
40976439000330
40980236000156
40980239000190
40981283000114
40983014000197
40988527000190
40991627000176
40991627000257
40993640000164
40994409000195
40999394000158
40999395000100
40999396000147
40999397000191
40999397000272
40999398000136
40999405000108
41000011000159
41002996000151
41021426000109
41021430000177
41021430000258
41021433000100
41021477000130
41021519000133
41021519000214
41021519000303
41021582000170
41021699000153
41034066000180
41034066000260
41034066000341
41034500000393
41035550000123
41035554000101
41035837000153
41041357000103
41042463000101
41042468000126
41042468000207
41042468000398
41044420000157
41046041000104
41046041000287
41046041000368
41049582000188
41049582000269
41051393000140
41055709000171
41055712000195
41062697000102
41069506000134
41088872000130
41101945000187
41101946000121
41101948000110
41101948000200
41101948000382
41101948000463
41101948000544
41101948000625
41131410000159
41131411000101
41131411000284
41131770000150
41132344000131
41132347000175
41134809000193
41135006000153
41135006000234
41135008000142
41135008000223
41141622000117
41143247000144
41155625000100
41155806000136
41155881000105
41160428000189
41160816000160
41160816000240
41161656000173
41170298000165
41170298000246
41170299000100
41170299000290
41170685000100
41170688000135
41170775000192
41170775000273
41170894000145
41170949000117
41171210000120
41171230000109
41171234000189
41171238000167
41171238000248
41171246000103
41171250000171
41178627000114
41183236000198
41184429000163
41184429000244
41201330000122
41202047000115
41202598000189
41202601000164
41208264000112
41212829000135
41212829000216
41221884000191
41223976000100
41226550000100
41241250000109
41248969000163
41249216000172
41251587000199
41251594000190
41256562000188
41260305000110
41260361000154
41260362000107
41260366000187
41261148000248
41261148000329
41266187000319
41269423000199
41269423000270
41272582000142
41272830000155
41272830000236
41273362000133
41273362000214
41273362000303
41281349000126
41287007000113
41316948000219
41316984000100
41317000000105
41317752000249
41320269000132
41322893000179
41322895000168
41322895000249
41322896000102
41322896000293
41326532000109
41351532000150
41353279000174
41355677000120
41360150000193
41360150000274
41360837000129
41360976000152
41362055000129
41362056000173
41362060000131
41374846000179
41374894000167
41375523000108
41375533000135
41376049000201
41376050000155
41376111000184
41376116000107
41385128000106
41388727000175
41389120000100
41389120000290
41391888000118
41394871000114
41406001000118
41406808000150
41409454000106
41413749000148
41415952000153
41419850000106
41421448000166
41421808000120
41421808000200
41430987000161
41430990000185
41432591000153
41433142000120
41434771000174
41434772000119
41450125000109
41454007000160
41454569000104
41455864000185
41458080000100
41461232000124
41479572000182
41479573000127
41479582000118
41479587000140
41479597000186
41479610000105
41485794000108
41487913000161
41487913000242
41493980000199
41494125000100
41494552000180
41494552000342
41496463000173
41497913000142
41502033000117
41504811000107
41506450000138
41506842000105
41507196000192
41507196000273
41515165000183
41515517000109
41515520000114
41516363000161
41519434000180
41520253000173
41520607000180
41521942000100
41533579000135
41533953000100
41542140000179
41544000000130
41545015000112
41545945000176
41545945000257
41546182000188
41546513000180
41546513000260
41546517000168
41552539000130
41552542000154
41553919000190
41559863000180
41559863000261
41566478000160
41566895000103
41566896000158
41568258000176
41574166000107
41577186000123
41578199000117
41592354000150
41595496000170
41595501000145
41596315000120
41596317000110
41596572000162
41596574000151
41609117000154
41612908000133
41624584000153
41627692000180
41631260000142
41631260000223
41631261000197
41632194000125
41632194000397
41634097000171
41634097000252
41634259000171
41643638000128
41643642000196
41644517000281
41647592000387
41659138000184
41659138000265
41659538000190
41659538000270
41659538000513
41660073000197
41660073000278
41660073000359
41677026000156
41677457000112
41677864000120
41677871000121
41677871000202
41677874000165
41677878000143
41681846000111
41683009000121
41688218000168
41699996000152
41702980000151
41702987000173
41703929000164
41703932000188
41705733000290
41705733000370
41705733000532
41708594000177
41709134000163
41710184000241
41711165000159
41711165000230
41712681000106
41722009000193
41725975000164
41726913000177
41727656000198
41727997000163
41729202000156
41729202000237
41729433000160
41729433000240
41743269000145
41743269000226
41749837000115
41749838000160
41754159000189
41759079000116
41759083000184
41771559000100
41775187000182
41776731000100
41778355000193
41778356000138
41779889000134
41779889000215
41780023000143
41780326000247
41780439000161
41780439000242
41780439000323
41780439000404
41780573000162
41780574000107
41801156000159
41802169000142
41802868000192
41803246000189
41804219000120
41808258000104
41809812000160
41809814000159
41810739000146
41813661000113
41819470000169
41819741000186
41820527000140
41820528000194
41820740000151
41821201000137
41821522000131
41821852000127
41823828000127
41823828000208
41823828000399
41824956000195
41825848000137
41829374000100
41837250000168
41837250000249
41837250000320
41838633000150
41839233000160
41839233000240
41840341000152
41840441000189
41840441000260
41840441000340
41853285000190
41856343000130
41856343000210
41862136000198
41862998000110
41862998000200
41862998000382
41865803000196
41868376000108
41868651000185
41868892000124
41869072000157
41869792000112
41869792000201
41880978000172
41882359000117
41890663000106
41893188000121
41894595000153
41899323000146
41902427000162
41908661000105
41909447000165
41911851000173
41911853000162
41912834000150
41915814000133
41926857000114
41926857000203
41931040000134
41934775000111
41943569000178
41943822000193
41946944000133
41950173000158
41950174000100
41951173000172
41956447000116
41956614000129
41956614000200
41974140000300
41974140000490
41974140000571
41992349000134
41992357000180
41993560000171
41994479000106
41995074000192
41995074000273
42010567000199
42010567000270
42013261000196
42013261000277
42015641000160
42015641000240
42016471000138
42016482000118
42019363000119
42019363000208
42020021000119
42023698000100
42029420000140
42030225000130
42030962000133
42032074000150
42033703000166
42033703000247
42034131000130
42034715000105
42034715000296
42046389000156
42046612000165
42051270000171
42054859000123
42055387000123
42055389000112
42073900000109
42075181000165
42075181000246
42083549000137
42085387000176
42093631000142
42094500000180
42094500000260
42094792000150
42098983000190
42098989000168
42098992000181
42098992000262
42099490000175
42099493000109
42100425000112
42102630000117
42108004000138
42109944000222
42109944000303
42109946000130
42121063000146
42132504000105
42152724000109
42157619000154
42168725000133
42168725000214
42168725000303
42168726000188
42171367000118
42172103000189
42172103000260
42172103000340
42172690000106
42174275000191
42174582000172
42175127000191
42175128000136
42175128000306
42175259000113
42175260000148
42181125000105
42184483000171
42186359000145
42186359000226
42186930000121
42186930000202
42186931000176
42189857000141
42189861000100
42198842000140
42198842000220
42200476000205
42203371000110
42231117000126
42231117000207
42232252000196
42232317000101
42247731000186
42248325000138
42248460000183
42249158000140
42251161000106
42256815000186
42257702000103
42263868000124
42264206000179
42265152000166
42265152000247
42265152000328
42265152000409
42265152000590
42265586000166
42269196000164
42270971000100
42270971000282
42272590000151
42273951000184
42275614000126
42281916000107
42284326000138
42284818000123
42284818000204
42284818000395
42284818000476
42285753000130
42285753000211
42285753000300
42285753000483
42286873000233
42297015000103
42297016000158
42298335000269
42311069000186
42319196000121
42322940000147
42323807000105
42323973000101
42324810000143
42324816000110
42329803000134
42329803000215
42329803000304
42331620000153
42334701000107
42379142000151
42380875000106
42380875000297
42380875000378
42380875000459
42380878000220
42388381000178
42413360000165
42413538000178
42413538000259
42413538000330
42414339000184
42429504000171
42431004000255
42435837000103
42447777000149
42448393000140
42448395000130
42452669000164
42455530000255
42457775000130
42460521000171
42461500000251
42462877000144
42468169000110
42493071000113
42514246000121
42515193000163
42516816000112
42526169000120
42570263000186
42588337000101
42604038000113
42609310000158
42609715000196
42610396000139
42610711000128
42611651000168
42619811000115
42627658000178
42645852000186
42669005000151
42669005000232
42669005000313
42671477000149
42671477000220
42671477000300
42672597000160
42675840000102
42675840000285
42689983000165
42710245000152
42710807000249
42724415000158
42731143000113
42731664000170
42735417000142
42795144000202
42796239000160
42818008000100
42819900000105
42825431000137
42836220000108
42839005000152
42846468000141
42861827000130
42862251000125
42907794000111
42907950000144
42907950000225
42924970000123
42933868000194
42935332000108
42938499000122
42946187000160
42948175000175
42956562000234
42959827000177
42959827000258
42960900000120
42961611000146
42963073000129
42966965000183
42970133000130
42970133000211
42978713000174
42995224000120
42995226000110
42997282000193
43014229000198
43014487000174
43014487000255
43014623000126
43015047000131
43015047000212
43029216000192
43030372000173
43059559014583
43059559014745
43059559014826
43059559014907
43059559015040
43059559015121
43059559015202
43059559015393
43059559015474
43059559015806
43059559015989
43067777000186
43070030000187
43072546000160
43072710000130
43074990000115
43090511000154
43110767000186
43141270000125
43156687000161
43167515000193
43167515000274
43167613000120
43184151000150
43184309000191
43184311000160
43187472000108
43187862000188
43187862000269
43188313000128
43194520000195
43194995000181
43212375000128
43219842000141
43219842000222
43219842000303
43232363000165
43235467000123
43250814000197
43253468000109
43259367000137
43270160000163
43271935000115
43279152000188
43285861000257
43288334000115
43288334000204
43288334000387
43301207000109
43301207000290
43338221000187
43338221000268
43338225000165
43339813000113
43339814000168
43339817000100
43339822000104
43340562000197
43349556000109
43355835000177
43355838000100
43357378000150
43361991000140
43370065000131
43376700000198
43382421000137
43404880000174
43408273000182
43413362000117
43413364000106
43428004000188
43428004000269
43428004000340
43428005000122
43428005000203
43430447000103
43454827000188
43455133000165
43457054000193
43461863000179
43467585000167
43468355000201
43478258000100
43478258000291
43478426000168
43485817000290
43501643000121
43502580000128
43502655000251
43502655000332
43502656000115
43502659000159
43502660000183
43517460000102
43518088000140
43518089000195
43519037000133
43526179000128
43536723000112
43553453000158
43560561000158
43560936000180
43561358000104
43561366000142
43561796000164
43562210000186
43562662000168
43567327000152
43569019000166
43571369000167
43571407000181
43571408000126
43584826000158
43585872000171
43585872000252
43586416000146
43586974000101
43587130000185
43587131000120
43588654000190
43588654000271
43588654000433
43588654000514
43588686000196
43588724000100
43610324000154
43620818000110
43620819000164
43620819000245
43620940000196
43621155000158
43632345000170
43632857000137
43637054000175
43644373000108
43645146000105
43649209000193
43651577000176
43656809000189
43657050000159
43657050000230
43657171000109
43657215000192
43657255000134
43657255000215
43657256000189
43657259000112
43657609000140
43658044000116
43661027000138
43668039000194
43671328000142
43674479000154
43674479000235
43674634000132
43674799000104
43677032000139
43677615000240
43684543000188
43689732000143
43689735000187
43690096000170
43694030000158
43695257000118
43716881000154
43716882000107
43716882000280
43716882000360
43717984000139
43720456000139
43724538000151
43725226000162
43725226000243
43733307000104
43733307000295
43734123000169
43740589000177
43751339000132
43751853000178
43752481000102
43752488000116
43753620000104
43754063000146
43754459000193
43757014000167
43764673000120
43766201000107
43772223000180
43772225000179
43773604000183
43781911000106
43781911000297
43791324000106
43792287000142
43793311000168
43793844000140
43793845000194
43794386000163
43794388000152
43795302000106
43795302000297
43797374000192
43798201000199
43802294000188
43802296000177
43802296000258
43802851000160
43802856000193
43802864000130
43803834000148
43804799000181
43804799000262
43805227000117
43809394000136
43809394000217
43809866000150
43810898000176
43811385000180
43811387000179
43811387000250
43811846000114
43811846000203
43811846000386
43817298000130
43818569000171
43819376000135
43820586000143
43821257000117
43826459000232
43827605000163
43837937000129
43841498000128
43841499000172
43841499000253
43841500000169
43841896000144
43842106000145
43846562000163
43846629000160
43846629000240
43846699000118
43846699000207
43846699000380
43846759000100
43846759000283
43846873000122
43846873000203
43846873000394
43847063000190
43847133000100
43847183000198
43847183000279
43847312000148
43847595000128
43848988000156
43848988000237
43848990000125
43850549000188
43852842000184
43854550000180
43861071000191
43861790000102
43863069000151
43863379000176
43863379000257
43863379000338
43863386000178
43863530000176
43867607000186
43867607000267
43867609000175
43867610000108
43870874000102
43872833000155
43877270000198
43877700000171
43879524000107
43880146000181
43880294000104
43880602000193
43880603000138
43881022000110
43881142000118
43883246000161
43884987000167
43884991000125
43890093000180
43894874000142
43903667000107
43904387000113
43906484000145
43907537000223
43907999000402
43910620000170
43915630000107
43916999000126
43916999000207
43917440000110
43917440000200
43917440000382
43917440000463
43917440000544
43918191000188
43918195000166
43921040000189
43928627000110
43928627000209
43931505000182
43932147000122
43932149000111
43936115000103
43936118000139
43936119000183
43936121000152
43936273000155
43936448000124
43936448000205
43936805000154
43944344000161
43944510000120
43944513000163
43944513000244
43944899000103
43945042000108
43945361000113
43945505000131
43946389000175
43946550000100
43946626000106
43952581000174
43952581000255
43952585000152
43952585000233
43952588000196
43952588000277
43953905000199
43953906000133
43953910000100
43954630000108
43954630000299
43954636000185
43955296000107
43955300000137
43959892000165
43959893000100
43960842000106
43961239000130
43963089000102
43963089000366
43966756000100
43968143000102
43968745000151
43969232000165
43969800000128
43970595000110
43974007000117
43974455000110
43975395000150
43977226000150
43978219000172
43979966000125
43981772000164
43981772000245
43982444000182
43982444000263
43982444000344
43983916000111
43983925000102
43995400000197
43995401000131
43995401000301
43995783000101
43995785000192
43996234000143
43996691000138
43996691000219
43996694000171
43997165000192
43997710000140
43997710000221
43997710000302
43999806000148
43999806000229
44001129000190
44001129000270
44001129000351
44002201000101
44002201000284
44003256000128
44005762000156
44005762000237
44013078000116
44015359000108
44018334000168
44018334000249
44019137000163
44019138000108
44019451000146
44022097000109
44023291000109
44024494000110
44024494000209
44032799000173
44034819000145
44034819000226
44034819000307
44035862000125
44035865000169
44036527000141
44040263000280
44040263000361
44040264000225
44041890000155
44041890000236
44042488000195
44046651000198
44047323000106
44047457000127
44047457000208
44047458000171
44049428000102
44049429000149
44049429000220
44049470000115
44052267000106
44054338000100
44054338000282
44055243000100
44056924000185
44056924000266
44057442000220
44059807000175
44060262000117
44061114000117
44061121000119
44061123000108
44061123000370
44061123000450
44061123000531
44065363000180
44065458000102
44066003000101
44066558000145
44066558000226
44069665000127
44069665000208
44069665000399
44069665000470
44070832000150
44071028000195
44071029000130
44071029000210
44071029000300
44071029000482
44071307000159
44071307000230
44071930000101
44072303000195
44073098000182
44073098000263
44073099000127
44073099000208
44073452000179
44075243000164
44075561000125
44075566000158
44084250000122
44086236000249
44088856000136
44097983000100
44106942000124
44106943000179
44107487000181
44108012000100
44108927000115
44109590000160
44110681000116
44110846000150
44111021000150
44111310000159
44111448000158
44111583000101
44111867000190
44111867000270
44111867000351
44111867000432
44111990000100
44112130000191
44112132000180
44112132000261
44112252000188
44120527000125
44121959000150
44125711000168
44126728000130
44126728000210
44126728000300
44129470000125
44129681000168
44131044000126
44131322000145
44131322000226
44131322000307
44131624000113
44131624000202
44131961000100
44134075000130
44134519000138
44134520000162
44135379000112
44138219000127
44138601000130
44139453000179
44139862000175
44139862000256
44139862000337
44140263000171
44140742000198
44141488000142
44141490000111
44141492000100
44141492000291
44141492000372
44141493000155
44141495000144
44141495000225
44141496000199
44141496000270
44141849000150
44142170000186
44142170000267
44142462000119
44142463000163
44142463000244
44146241000119
44146241000208
44146241000380
44146313000128
44146315000117
44146316000161
44146316000242
44146319000103
44146319000286
44149455000149
44150176000103
44150176000286
44151985000121
44152930000136
44152933000170
44154377000170
44154379000160
44154827000125
44154827000206
44155242000120
44155699000134
44155700000120
44156904000186
44156908000164
44157286000199
44157704000148
44158646000177
44159142000171
44159145000105
44159145000296
44159146000150
44159646000272
44159646000353
44159647000217
44161991000160
44161992000104
44162420000140
44163125000108
44168647000100
44171016000132
44172068000123
44172790000168
44178039000179
44180419000229
44180782000244
44181088000160
44181088000241
44181357000199
44181358000133
44182139000179
44182322000174
44182323000119
44182620000164
44186089000106
44186884000196
44186884000277
44187393000160
44188847000117
44191866000100
44194687000119
44197676000192
44198145000114
44198501000108
44198822000102
44199125000168
44199604000184
44200307000101
44200607000190
44200778000110
44200778000209
44200778000381
44203980000103
44203981000140
44205184000100
44207796000123
44208739000169
44208739000240
44210354000136
44210355000180
44210357000170
44215016000197
44215502000105
44216875000109
44217301000147
44217940000102
44218210000126
44218210000207
44218902000174
44220858000218
44220859000181
44222275000145
44222275000226
44229241000182
44232537000152
44232537000233
44232537000314
44232812000138
44241036000132
44241188000135
44242963000177
44243024000147
44245550000146
44245861000105
44247826000206
44248804000180
44248806000179
44248812000126
44251345000193
44252832000170
44257520000150
44258872000120
44258872000200
44258872000391
44258876000108
44259105000135
44259110000148
44259112000137
44259486000152
44259491000165
44260139000140
44263375000110
44268239000112
44268289000108
44269557000106
44269559000197
44269940000156
44273393000182
44274357000133
44274762000151
44275218000124
44275219000179
44275542000142
44276375000154
44277245000136
44277246000180
44277677000147
44280350000124
44290287000107
44293529000116
44295110000101
44298039000102
44301079000166
44308076000154
44308933000116
44309255000106
44309444000189
44309444000260
44309526000123
44309526000204
44309531000136
44309721000153
44309723000142
44309724000197
44309724000278
44309724000359
44318387000102
44318686000139
44322052000150
44322740000110
44328872000159
44329181000170
44329184000103
44329186000100
44329481000159
44329482000101
44329486000181
44329489000115
44329754000165
44330291000151
44333541000107
44334257000155
44334598000120
44335599000190
44340173000124
44340176000168
44340462000123
44341242000114
44348370000190
44349635000174
44350026000135
44351328000128
44352826000195
44352826000276
44352826000357
44357522000110
44357524000100
44357524000371
44357769000137
44358378000137
44358383000140
44362166000123
44364450000139
44365253000134
44368881000173
44368881000254
44369597000111
44370447000128
44373350000179
44373351000113
44375625000103
44380461000102
44381112000105
44381946000110
44382078000193
44382080000162
44382081000107
44382827000182
44383210000181
44388992000141
44391570000125
44394467000139
44399609000150
44399658000193
44399702000165
44399702000246
44405963000140
44408582000115
44411000000150
44414353000103
44417401000117
44420725000104
44421256000148
44427767000177
44428457000177
44428457000258
44432799000160
44440794000180
44441717000144
44446984000104
44447914000170
44447918000159
44448379000172
44448381000222
44448381000303
44448384000185
44448820000116
44448820000205
44449248000100
44449250000189
44450333000198
44450342000189
44450342000260
44450838000152
44450838000233
44454232000195
44454233000130
44454698000190
44456758000295
44457162000129
44457587000138
44457587000219
44457587000308
44457591000104
44459379000178
44459651000110
44459651000209
44462308000124
44462308000205
44462311000148
44462698000132
44463083000120
44465980000173
44467179000167
44467180000191
44467315000119
44467316000163
44467317000108
44470911000662
44473919000178
44474160000148
44474160000229
44474160000300
44474354000143
44477431000119
44477831000124
44480160000150
44487988000130
44487989000185
44488622000186
44489542000145
44489914000214
44489918000111
44490298000130
44490685000177
44492257000183
44493163000129
44494726000101
44494726000284
44495964000123
44495964000204
44499470000117
44499472000106
44499472000297
44500855000157
44500856000100
44503664000149
44504169000154
44505053000130
44505053000210
44505054000184
44505830000146
44505831000190
44506267000120
44506271000199
44506271000270
44507130000190
44509548000137
44512792000159
44516141000137
44519223000135
44519280000114
44519674000172
44519677000106
44519677000297
44519880000182
44519880000263
44521277000135
44521596000140
44521597000195
44522652000161
44522652000242
44522652000323
44526839000133
44529299000141
44529546000100
44529547000154
44532510000185
44532560000162
44536434000186
44536434000267
44536434000348
44536826000145
44537564000133
44538465000176
44538465000257
44538467000165
44538467000246
44538469000154
44539115000124
44539115000205
44540624000177
44540625000111
44540625000200
44540627000100
44541816000106
44542554000196
44543193000100
44543193000283
44543458000162
44543458000243
44543728000135
44543728000305
44543728000488
44543729000180
44543729000260
44544287000196
44544290000100
44544565000105
44544566000150
44544568000149
44544720000193
44547605000172
44549000000110
44551263000164
44551464000161
44552058000113
44553818000107
44554140000187
44554452000190
44554760000116
44554761000160
44555090000152
44556525000183
44556858000102
44556858000293
44564534000116
44564772000121
44564772000202
44564773000176
44565049000167
44565049000248
44565051000136
44565051000217
44566389000102
44569414000101
44570598000120
44570600000160
44570923000154
44572372000168
44572375000100
44572767000160
44573143000168
44574148000105
44574472000123
44574732000160
44574732000241
44575019000131
44577667000127
44577667000208
44577671000195
44577672000130
44578867000102
44581579000107
44582023000208
44583200000190
44583200000270
44583202000189
44583202000260
44583204000178
44583205000112
44583543000154
44585265000174
44585266000119
44586950000115
44586952000104
44586952000295
44588015000198
44588337000137
44588835000180
44589831000116
44589831000205
44589831000388
44589832000160
44601511000134
44601511000215
44602750000109
44603848000180
44604159000190
44604959000101
44605023000103
44605025000194
44606529000129
44606787000105
44608884000137
44609243000105
44613175000140
44615893000155
44616121000138
44616123000127
44617895000183
44618047000199
44618047000270
44618116000164
44618116000245
44619469000189
44619469000260
44626894000103
44627147000181
44627615000118
44630778000150
44632810000136
44632810000217
44632904000105
44632904000296
44632904000377
44632904000458
44632979000196
44632979000277
44632980000110
44633081000132
44633081000213
44633126000179
44633126000250
44635338000195
44635859000142
44639468000104
44640039000149
44640039000220
44640645000164
44647199000110
44651039000144
44651039000225
44658702000132
44658998000272
44658998000353
44662884000115
44662885000160
44663415000110
44666996000144
44672661000139
44678405000159
44681905000140
44682133000160
44682320000144
44683096000105
44683486000185
44690615000162
44697954000170
44703465000184
44703465000265
44703465000346
44703466000129
44703467000173
44703590000194
44703690000110
44704343000102
44714311000198
44714936000150
44716772000108
44717669000174
44722587000118
44722812000116
44722813000160
44722814000105
44722814000296
44722814000377
44722814000458
44722814000539
44722815000150
44722815000230
44722815000311
44726293000164
44728134000107
44729165000174
44729165000255
44729169000152
44734027000183
44735291000131
44739496000195
44739810000130
44739996000127
44739996000208
44743122000143
44743691000199
44751433000154
44752306000170
44754171000181
44756222000295
44759148000180
44759150000159
44760261000185
44764011000113
44768084000183
44769639000101
44771187000100
44771188000147
44771188000228
44771188000309
44775218000193
44781192000196
44785823000145
44785823000226
44785824000190
44858327000174
44864302000183
44864344000114
44865802000130
44866134000165
44867266000292
44870601000120
44870601000201
44870602000175
44875035000140
44875414000130
44876029000298
44876298000173
44876302000101
44876542000106
44877200000100
44877200000283
44877608000174
44877608000255
44877703000178
44877707000156
44877707000237
44877711000114
44877713000103
44877713000294
44877713000375
44877810000104
44877812000195
44877817000118
44878025000168
44878788000290
44878880000179
44878911000191
44878922000171
44879140000157
44879167000140
44879168000194
44884767000104
44884886000159
44884938000197
44884943000108
44884945000199
44885012000116
44885015000150
44885015000230
44885016000102
44885079000150
44885079000231
44885079000312
44885079000401
44885079000584
44885079000665
44885079000746
44885149000170
44885151000140
44885151000220
44885155000209
44886377000165
44886606000303
44886609000185
44887911000158
44887911000239
44887912000100
44887914000191
44888851000198
44889314000162
44889794000161
44890703000108
44891016000107
44891016000298
44891016000450
44891357000182
44892192000163
44892194000152
44893471000141
44893902000170
44894419000100
44894423000178
44895879000152
44897260000187
44897264000165
44899493000119
44899494000163
44903504000197
44903678000150
44905435000150
44905437000140
44907839000183
44907840000108
44907840000370
44908632000123
44908632000204
44908632000395
44908634000112
44908634000201
44909100000100
44909102000108
44909102000280
44909670000109
44909934000116
44909936000105
44911335000137
44914279000194
44916603000103
44916603000294
44921771000197
44921771000278
44926637000189
44935196000181
44936667000176
44937592000148
44939685000292
44942291000102
44942789000175
44942789000256
44955583000180
44971591000110
44972122000115
44973547000149
44973598000170
44973636000195
44973734000122
44973735000177
44973737000166
44973904000179
44973904000250
44973936000174
44974008000124
44974008000205
44974119000130
44974305000170
44974305000250
44974307000169
44974310000182
44974310000263
44974310000344
44975031000133
44983827000138
44988803000171
44988803000252
44994752000190
44996910000222
44996910000303
44996911000196
44997177000180
44997182000192
44997185000126
44998803000152
44998806000196
44998806000358
44998806000439
44999728000144
45006865000101
45006869000181
45006872000103
45006872000286
45010589000228
45013329000397
45014345000132
45014348000176
45032282000147
45032352000167
45032353000101
45032410000314
45032799000136
45032814000146
45032817000180
45032831000183
45035886000147
45037385000108
45038276000105
45049336000187
45050447000103
45050447000294
45050447000375
45056656000164
45057119000139
45058392000188
45060147000105
45061073000121
45061970000135
45063129000187
45065069000131
45065771000103
45066326000150
45066327000102
45066630000105
45066633000130
45067036000120
45067457000151
45067681000143
45067877000138
45067944000114
45067947000158
45082258000112
45083180000150
45091297000186
45098913000120
45098919000106
45098921000177
45098923000166
45098926000108
45099297000122
45099879000109
45106768000182
45109017000110
45111860000130
45113181000109
45113181000281
45113182000145
45113182000226
45113182000307
45127284000110
45129353000124
45129441000126
45136591000167
45139718000100
45139723000104
45139737000128
45140768000107
45150007000128
45150796000105
45151157000156
45151350000197
45160632000150
45162758000164
45164770000108
45166870000173
45181499000119
45190764000125
45191134000175
45197546000112
45208639000103
45209987000197
45210287000112
45229315000143
45229315000224
45229316000198
45229316000279
45230769000134
45230770000169
45230772000158
45230772000239
45238608000197
45239970000182
45239970000263
45239970000344
45239970000425
45242657000101
45245696000154
45245696000235
45247355000118
45248517000132
45249908000171
45251521000150
45252239000197
45252239000278
45259092000167
45260699000167
45282523000106
45285364000101
45288439000108
45289464000106
45304747000171
45304747000252
45307025000170
45307207000141
45307747000125
45308502000112
45324786000130
45324786000211
45324786000300
45325175000107
45328178000102
45328401000103
45342376000112
45344574000115
45344574000204
45347924000105
45356784000123
45356785000178
45357268000113
45357270000192
45359991000131
45359991000212
45362349000101
45379573000106
45380349000134
45381405000155
45382624000159
45387118000152
45387517000113
45388104000153
45389638000102
45391866000109
45399991000165
45409392000185
45413034000146
45422616000199
45422616000270
45422616000350
45425044000100
45427625000172
45427625000253
45427863000188
45427863000269
45428866000136
45429011000120
45429142000107
45429143000151
45430914000120
45430918000109
45430920000188
45430926000155
45430927000108
45430933000157
45430939000124
45431119000157
45437682000132
45439970000126
45440416000169
45448218000141
45448376000100
45448821000123
45450646000109
45450646000290
45451517000135
45454399000119
45457232000101
45463576000123
45463926000151
45463927000104
45464660000161
45464661000106
45468471000167
45468577000160
45468617000174
45468759000131
45485043000142
45485973000104
45486251000166
45486780000160
45490069000189
45490069000260
45492317000120
45493100000135
45493100000216
45495378000141
45500317000125
45502774000230
45505713000145
45506758000134
45512756000158
45513224000135
45513508000121
45513508000202
45514066000138
45520943000183
45526903000149
45530553000194
45548629000109
45548629000290
45551288000120
45551481000161
45551823000143
45584916000174
45584916000255
45584916000336
45586057000152
45586057000233
45588603000194
45588759000175
45589209000170
45589385000102
45591570000131
45592658000178
45592658000259
45593006000158
45596630000109
45599492000111
45599870000167
45607107000130
45607254000100
45607258000199
45607407000110
45607410000133
45607677000120
45608746000110
45608746000200
45609346000120
45609346000200
45610413000126
45614364000108
45615854000110
45617847000158
45618342000108
45620752000193
45620752000274
45622665000175
45624390000109
45628628000174
45628776000199
45638981000135
45644303000185
45644304000120
45644305000174
45645236000113
45645236000202
45645237000168
45645899000138
45645903000168
45647706000188
45648600000107
45648792000143
45648974000114
45658711000196
45665036000122
45665038000111
45666414000192
45671650000105
45680526000106
45683482000160
45683482000240
45683541000108
45683631000190
45683648000148
45697936000151
45697936000232
45698383000151
45698647000177
45702459000175
45703300000175
45704302000189
45704303000123
45707330000150
45708698000132
45711437000171
45716954000133
45738703000150
45741330000176
45744483000177
45746896000190
45746903000154
45746905000143
45747432000107
45747743000168
45747898000102
45748211000145
45749627000188
45749717000250
45749781000150
45750170000121
45754532000152
45763464000198
45763464000279
45764505000160
45764794000106
45764798000186
45764799000120
45764801000161
45764803000150
45764948000151
45764948000232
45764949000104
45764949000287
45765261000130
45765384000171
45765928000103
45765928000286
45765928000367
45765928000448
45766172000109
45780066000180
45794675000198
45794763000190
45795060000186
45795061000120
45795439000196
45795441000165
45795505000128
45808521000108
45808521000299
45808521000370
45811795000156
45817461000190
45817975000226
45831993000181
45833716000108
45836722000119
45837203000175
45845645000163
45846088000103
45846566000177
45846566000339
45847031000110
45847034000154
45848369000197
45848369000359
45853131000150
45854832000103
45859492000103
45860620000139
45861062000126
45861062000207
45862057000138
45864973000107
45865699000190
45880383000178
45880962000110
45881371000168
45889784000199
45895454000106
45897619000189
45902200000178
45904478000184
45906590000154
45906966000120
45915852000147
45920719000189
45922160000126
45924294000186
45924294000267
45938417000138
45938595000169
45938760000182
45939073000181
45939518000123
45939518000204
45941565000101
45941675000173
45947337000149
45970997000140
45970997000221
45970997000302
45971328000193
45980892000172
45984045000186
45984045000267
45984045000348
45995451000144
45995613000144
45997458000103
46002543000149
46002764000117
46002764000206
46003329000107
46003886000128
46009781000186
46009782000120
46009782000201
46010548000113
46010865000130
46011587000135
46011588000180
46011588000260
46011590000159
46011590000230
46011590000310
46011764000183
46011764000264
46011766000172
46012668000150
46015184000164
46028306000157
46029794000117
46031388000199
46032580000108
46033835000149
46039682000147
46040201000113
46041518000174
46049079000146
46074801000100
46081049000206
46083768000177
46084415000191
46090364000100
46094714000107
46098225000123
46100878000108
46103491000105
46112863000151
46112863000232
46112863000313
46112864000104
46112864000287
46112864000368
46113977000116
46123789000179
46123791000148
46131049000184
46139099000108
46140522000190
46140522000270
46140856000163
46141741000193
46141745000171
46143182000150
46149887000185
46153397000152
46158327000197
46159172000103
46159177000136
46159944000107
46166810000113
46171929000184
46171931000153
46177459000166
46180260000278
46180262000267
46181441000138
46188993000178
46190333000121
46194120000178
46194267000168
46194421000100
46194674000175
46198562000192
46218625000125
46218625000206
46232055000128
46232358000140
46233804000131
46234674000151
46234821000193
46241901000176
46247165000163
46250674000145
46250674000226
46250674000307
46250674000498
46250875000142
46250875000223
46251778000174
46251778000255
46251778000336
46251778000417
46252767000109
46255082000116
46255082000205
46255082000388
46255316000125
46255316000206
46256017000105
46259247000128
46263143000197
46263144000131
46263144000212
46270525000148
46270528000181
46275017000152
46285230000145
46287379000163
46289465000105
46292791000171
46293153000175
46293153000337
46293281000119
46293281000208
46293281000380
46295609000136
46298466000116
46299597000118
46302674000141
46323250000163
46323409000140
46323413000108
46327428000144
46327428000225
46331396000150
46337265000180
46342266000113
46342525000106
46342525000297
46342525000378
46342527000103
46342528000140
46342708000121
46344849000183
46358455000184
46370883000122
46374801000118
46374801000207
46379886000127
46381831000151
46382611000142
46384261000153
46392188000161
46392190000130
46392979000191
46402567000195
46402572000106
46404649000179
46410946000127
46410946000208
46414864000150
46416910000150
46417575000105
46418913000123
46419839000160
46432629000373
46433574000154
46433574000235
46436584000143
46436789000129
46450098000180
46450098000260
46450098000341
46450098000422
46450316000186
46450494000107
46456511000385
46456520000104
46459923000107
46459924000151
46461313000148
46463513000130
46466440000130
46466440000210
46470559000186
46477785000199
46479054000182
46482420000152
46494915000100
46495444000146
46505876000190
46505878000180
46506072000106
46506826000128
46508733000132
46522064000153
46524772000123
46524965000184
46524965000265
46524968000118
46524972000186
46525777000170
46526044000150
46533130000190
46533130000271
46533130000352
46533130000433
46533134000179
46545006000145
46550910000149
46560479000111
46560862000170
46561958000152
46568553000146
46568900000130
46572938000187
46583333000191
46585663000116
46595816000106
46596819000164
46610363000140
46610363000492
46620265000193
46628276000110
46629740000192
46633904000155
46633904000236
46643753000116
46643753000205
46644292000104
46653392000199
46661213000165
46663488000138
46663488000219
46676338000169
46676338000240
46684589000195
46687176000164
46696777000133
46697263000100
46701486000196
46701486000277
46703174000111
46704481000117
46704481000206
46711738000168
46711738000249
46718787000122
46720445000147
46736346000153
46736346000234
46736346000315
46736346000587
46736346000668
46736379000101
46750068000199
46750370000147
46750370000228
46751928000109
46767548000162
46767548000243
46767548000405
46769421000182
46774236000186
46774657000107
46785851000198
46788075000180
46789501000108
46789501000280
46791651000148
46805087000175
46805507000113
46815941000184
46816131000142
46816131000223
46821287000111
46821335000171
46828276000163
46828276000244
46829092000118
46837154000133
46838714000174
46842104000144
46842104000225
46842397000160
46843046000173
46843228000144
46843436000143
46843436000224
46843786000100
46844622000105
46844779000122
46844779000203
46844782000146
46844971000119
46846806000104
46847110000194
46847110000275
46847417000195
46847417000276
46847417000357
46848717000199
46850928000166
46853152000138
46857992000179
46858512000194
46860266000105
46864366000100
46880059000112
46888232000129
46892933000131
46893754000119
46893757000152
46896743000192
46896743000273
46910316000111
46918321000170
46924471000197
46925639000189
46934759000142
46939285000121
46940139000116
46940141000195
46947357000182
46958434000108
46963706000150
46963706000230
46963711000162
46963718000184
46963721000106
46970382000187
46980293000111
46985174000232
47010815000115
47024106000199
47024106000270
47024108000188
47024108000269
47034193000165
47043097000183
47057776000101
47060060000163
47073806000173
47085316000197
47094011000141
47134210000136
47134880000152
47136760000194
47144318000100
47149386000161
47156082000121
47168476000108
47182188000108
47182188000280
47187195000194
47189180000327
47192301000128
47193583000188
47193583000269
47203455000178
47218534000233
47218534000314
47232237000161
47261469000148
47262494000146
47283193000107
47289805000160
47300624000198
47321289000104
47321289000295
47321289000376
47321289000457
47327105000113
47330894000141
47345926000182
47348296000108
47349570000155
47349571000108
47349574000133
47349943000198
47374986000123
47380223000195
47403488000161
47406692000136
47416399000150
47455141000162
47461247000179
47483384000104
47490485000102
47491649000116
47497387000105
47509544000309
47512294000102
47524632001009
47524632001190
47524632001270
47524632001351
47524632001432
47524632001513
47524632001602
47524632001785
47524632001866
47524632001947
47524632002080
47524632002161
47524632002242
47524632002323
47524632002404
47524632002595
47524632002676
47524632002757
47524632002838
47524632002919
47532893000180
47533186000108
47541639000148
47561993000134
47561993000215
47565141000115
47583533000107
47589028000170
47589951000101
47591851000110
47598745000168
47602010000160
47602012000150
47602409000141
47606458000152
47606705000110
47609115000141
47615934000100
47618741000102
47619555000180
47619891000122
47619891000203
47619891000394
47636713000100
47656859000206
47660649000100
47667961000118
47668361000174
47669026000190
47669745000101
47671261000105
47699589000121
47705522000152
47705962000100
47705962000290
47710630000113
47710630000202
47716277000189
47725192000167
47730179000104
47730179000287
47737389000116
47737391000195
47737773000119
47752430000123
47759383000140
47764060000225
47764211000164
47764718000118
47764719000162
47765522000148
47786664000191
47786958000113
47788677000108
47791616000191
47803637000180
47803638000124
47816660000109
47820764000197
47840511000185
47843567000193
47848498000100
47848944000187
47869501000172
47869571000120
47869571000392
47869571000473
47869572000175
47890913000194
47890915000183
47894551000100
47907518000177
47908216000113
47911918000156
47912655000108
47913618000106
47923841000134
47930168000160
47930172000128
47930173000172
47930454000125
47930455000170
47932161000187
47941192000102
47941504000170
47941858000114
47941858000203
47942269000150
47944891000106
47953873000182
47955581000189
47958473000160
47958779000116
47958779000205
47967589000165
47968815000122
47968816000177
47969701000105
47969946000124
47973071000134
47973210000120
47977973000149
47977973000220
47977977000127
47978174000197
47978174000278
47978174000359
47978180000144
47978868000124
47982339000102
47983299000105
47983575000135
47992697000198
47996249000243
48003476000102
48004144000142
48004994000140
48008656000187
48015464000106
48016319000131
48016319000212
48016319000301
48016799000130
48017266000173
48017267000118
48018718000131
48022044000149
48027971000151
48029646000128
48029650000196
48034809000160
48036021000193
48038469000146
48042847000165
48043238000120
48043659000151
48043659000232
48043670000111
48044498000110
48045506000143
48046834000164
48047049000126
48047052000140
48047763000114
48050259000173
48051673000105
48052160000100
48054981000186
48055277000148
48055436000104
48055436000295
48055440000172
48055585000173
48058826000138
48059120000190
48061886000290
48061886000371
48061886000533
48061886000614
48062630000117
48062631000242
48062635000140
48063288000170
48063942000145
48064819000149
48066137000175
48066137000256
48066137000337
48066137000418
48066137000507
48066879000109
48066882000114
48066883000169
48067921000106
48068393000100
48068593000154
48068599000121
48068788000102
48069382000136
48077373000197
48078589000177
48078994000195
48079428000106
48085677000104
48085678000140
48085680000110
48089977000153
48090561000155
48091553000123
48091701000100
48091841000188
48091841000269
48091842000122
48091845000166
48091848000108
48093717000151
48093759000192
48093883000158
48094701000163
48094701000244
48094701000325
48095063000103
48095066000139
48095067000183
48095067000264
48095068000128
48095488000104
48095493000117
48095950000173
48096513000174
48097551000141
48097555000120
48099853000159
48099856000192
48099858000181
48099861000103
48100068000179
48100070000148
48100070000229
48100070000300
48100071000192
48100071000273
48101206000134
48101209000178
48104396000143
48106806000195
48106806000276
48107069000145
48107070000170
48107316000103
48107316000294
48107656000134
48107657000189
48108006000103
48108008000100
48108456000104
48111047000159
48111047000230
48111886000177
48111889000100
48111890000135
48112256000117
48113189000155
48114195000127
48114511000160
48114519000127
48118102000132
48120367000175
48120367000256
48122168000104
48122566000112
48122566000201
48122911000118
48123490000140
48125260000110
48132471000180
48132715000124
48132726000104
48133033000136
48133372000112
48134528000180
48135368000193
48135741000106
48135745000194
48143096000173
48143757000160
48143757000241
48143757000322
48143757000403
48144602000149
48148930000113
48150441000104
48150441000287
48151027000101
48168602000189
48169423000166
48170404000150
48170406000149
48170657000123
48171682000121
48172643000149
48172644000193
48173830000147
48173830000228
48173833000180
48173834000125
48174203000120
48174207000109
48174207000290
48174703000162
48174704000107
48175788000101
48176198000195
48176753000189
48178217000112
48178426000166
48178427000100
48178673000162
48178673000243
48179604000173
48180458000104
48180460000175
48180893000120
48180893000201
48181454000132
48182983000150
48182983000231
48183433000156
48183437000134
48183791000169
48184434000115
48184435000160
48184705000132
48187507000122
48189367000121
48189370000145
48189370000226
48189696000172
48190046000147
48191908000156
48200714000250
48200714000331
48200714000412
48200714000501
48204828000198
48204831000101
48205242000148
48205680000106
48205682000103
48208210000104
48209046000141
48209046000222
48209046000303
48211166000183
48211169000117
48211173000185
48212548000121
48212548000202
48214187000152
48214196000143
48214196000224
48214196000305
48214744000135
48219966000140
48219973000142
48222454000133
48225515000116
48225846000156
48226184000139
48226185000183
48227564000198
48227816000189
48228047000133
48228047000214
48228048000188
48228053000190
48228248000130
48230357000192
48230401000164
48234627000133
48234681000189
48234682000123
48236980000152
48237372000162
48237775000101
48237779000190
48238243000199
48238244000133
48239653000154
48243036000122
48244434000163
48244434000244
48244932000106
48246338000154
48246762000107
48246767000121
48246767000202
48247180000137
48247879000105
48247881000176
48248150000145
48252133000181
48252339000101
48252341000180
48252619000110
48252619000209
48255330000154
48259908000140
48259912000109
48261241000110
48261638000102
48263605000100
48263813000109
48263956000102
48263960000170
48263961000115
48264078000140
48264078000220
48270242000121
48270245000165
48270246000100
48270246000290
48270538000142
48270828000196
48272982000105
48273425000109
48276219000144
48276225000100
48276632000109
48278401000134
48278757000178
48279307000108
48279523000226
48279526000189
48280370000156
48282133000124
48282133000396
48282211000190
48283445000152
48283445000233
48283775000148
48285342000121
48285741000192
48285744000126
48285744000207
48285744000398
48286086000197
48288656000188
48289010000115
48289390000198
48289812000125
48289816000103
48289816000294
48289819000147
48290645000132
48290645000213
48292082000111
48292921000100
48300366000102
48304111000118
48306524000131
48311023000143
48311026000187
48311489000149
48311489000220
48312012000188
48312994000108
48312994000299
48313460000104
48313461000140
48313463000130
48313953000136
48313954000180
48313958000169
48314407000110
48314889000108
48314891000187
48315224000119
48315224000208
48315227000152
48315802000117
48319574000153
48319575000106
48319575000289
48319576000142
48319576000223
48320086000166
48320420000181
48320803000150
48320804000102
48320807000138
48320807000219
48321714000128
48321725000108
48322775000100
48323798000139
48324576000130
48326897000174
48327368000195
48327863000102
48328359000119
48328904000177
48328904000258
48328909000108
48328913000168
48328913000249
48332482000103
48336112000144
48336586000196
48337146000153
48337146000234
48338240000127
48338640000213
48338643000176
48339016000150
48339016000230
48343068000108
48343068000280
48343493000199
48343497000177
48343497000258
48343903000100
48345759000132
48346255000137
48346729000140
48347519000177
48347869000133
48347877000180
48349113000123
48349113000204
48352111000193
48352282000112
48352283000167
48352754000137
48353055000101
48353431000168
48353431000249
48353431000320
48353438000180
48353439000124
48353838000195
48353840000164
48353843000106
48353845000197
48354267000103
48354270000127
48354721000126
48354725000104
48356909000103
48357155000106
48357157000103
48357157000286
48357401000120
48357621000153
48358133000160
48358134000105
48358817000162
48358817000243
48360602000186
48360602000267
48361060000166
48361062000155
48361069000177
48361069000258
48361069000339
48361561000142
48361561000223
48361561000304
48361564000186
48361567000110
48362459000161
48362462000185
48362838000151
48362843000164
48362844000109
48363187000114
48363189000103
48363743000152
48367237000131
48367237000212
48367237000301
48367237000484
48367237000565
48367702000134
48367703000189
48368177000171
48368177000252
48368493000143
48370461000263
48371289000181
48371291000150
48371296000183
48373846000101
48373846000284
48375038000175
48375481000146
48375483000135
48375485000124
48375485000205
48375914000163
48375915000108
48376353000117
48376353000206
48376353000389
48376356000231
48377838000125
48377838000206
48377838000397
48378308000100
48378311000115
48378810000102
48386218000152
48386605000199
48390269000158
48390270000182
48390679000107
48391126000160
48391588000188
48392288000113
48392678000193
48393644000113
48393644000202
48393645000168
48393822000106
48393822000297
48393827000139
48393828000183
48393830000152
48393833000196
48393834000130
48393835000185
48393835000266
48393838000119
48393840000198
48393840000279
48393989000177
48393990000100
48396960000149
48397874000150
48399378000136
48399860000176
48400342000125
48400342000206
48400465000166
48402844000195
48406452000102
48406453000149
48406453000220
48406454000193
48406816000146
48408319000187
48408319000268
48409014000190
48409027000169
48411090000130
48411107000159
48411108000101
48412009000136
48412015000193
48412634000188
48412637000111
48412637000200
48412637000383
48412637000464
48413142000107
48413797000185
48414953000122
48416220000127
48416223000160
48416772000135
48417442000164
48418132000164
48418846000172
48419478000187
48419483000190
48419489000167
48420099000107
48420664000136
48420669000169
48421167000152
48421167000233
48421171000110
48421635000199
48421638000122
48422982000136
48422982000217
48424019000191
48426742000100
48427570000199
48430457000162
48430460000186
48431477000158
48431482000160
48431482000241
48431882000176
48431883000110
48432198000109
48432200000140
48432200000220
48433517000109
48434269000102
48434269000293
48434269000374
48435231000154
48436691000105
48438138000101
48439009000120
48439747000339
48443720000158
48443932000135
48444185000150
48444185000230
48444185000311
48444185000400
48445157000157
48445520000134
48445523000178
48445523000259
48445887000158
48448816000109
48448816000290
48448817000153
48448822000166
48449135000165
48449491000260
48449804000107
48449804000280
48449804000360
48449806000198
48449808000187
48450128000183
48450132000141
48450461000192
48450821000156
48450828000178
48451147000124
48451438000112
48451438000201
48451974000118
48451977000151
48451977000232
48452674000153
48453475000160
48453477000159
48456195000105
48456196000150
48459936000101
48460116000130
48460654000124
48460904000126
48460904000207
48461535000196
48461887000141
48461889000211
48461894000143
48461900000162
48462677000178
48463090000264
48463090000345
48463090000426
48465015000151
48465539000142
48465539000223
48465540000177
48466209000171
48467366000100
48468653000207
48469524000152
48469531000154
48469947000172
48469954000255
48470577000193
48471814000130
48471816000120
48471816000200
48473945000157
48474421000180
48474453000186
48474454000120
48475469000103
48475767000101
48478461000109
48481206000107
48481583000146
48481586000180
48481587000124
48484177000137
48484178000181
48484178000262
48484179000126
48485512000111
48493440000154
48493441000107
48493904000122
48493904000203
48494382000183
48494651000101
48494964000160
48495308000181
48495308000262
48495696000109
48495700000120
48496542000123
48496543000178
48497372000100
48497742000109
48497970000170
48500940000176
48500941000110
48502281000107
48502739000128
48503153000188
48503153000269
48503560000195
48503564000173
48503960000109
48504671000116
48504675000102
48504675000285
48504675000366
48504998000198
48505245000105
48508676000117
48509308000274
48512528000176
48512535000178
48512535000330
48512862000120
48513912000193
48513913000138
48514126000100
48515057000150
48516153000112
48516154000167
48516915000180
48518770000157
48518771000100
48519186000116
48521209000127
48521210000151
48521404000157
48521450000237
48521451000109
48524082000108
48527153000118
48527607000150
48528989000137
48529779000163
48529779000244
48529779000325
48530145000120
48533234000120
48533551000147
48533551000228
48533554000180
48533557000114
48533986000191
48534426000151
48534428000140
48534428000221
48534428000302
48535797000158
48535799000147
48536198000159
48536200000190
48536201000134
48536603000139
48536603000210
48536604000183
48536945000159
48536946000101
48536947000148
48537327000123
48537333000180
48537334000125
48537334000206
48538253000220
48538876000112
48539200000143
48539201000198
48539358000113
48539620000120
48541721000135
48541722000180
48541723000124
48541765000165
48542320000108
48542596000188
48542599000111
48542867000103
48542868000140
48542869000194
48543183000118
48543186000151
48543523000100
48544818000100
48544819000146
48545253000177
48545256000100
48545258000108
48546471000126
48546471000207
48546651000108
48546651000299
48546652000152
48548312000160
48548700000141
48548702000130
48548703000185
48548706000119
48549556000168
48550015000150
48551415000180
48552292000100
48552292000282
48552689000193
48553075000126
48553075000207
48553376000150
48553934000187
48554192000104
48554192000295
48554374000185
48554374000266
48555192000129
48557370000150
48557724000167
48558573000161
48558580000163
48559323000146
48559326000180
48560746000186
48561144000143
48562282000147
48564043000126
48564440000106
48564441000142
48564864000162
48565355000154
48565805000109
48565805000290
48567227000140
48567227000220
48567229000139
48567654000209
48567656000117
48567656000206
48567657000161
48567660000185
48568057000118
48569567000100
48573362000106
48574392000129
48574398000104
48575216000101
48575644000134
48576101000131
48576101000212
48576103000120
48576582000266
48578411000195
48578970000103
48578970000286
48580076000160
48580078000159
48580082000117
48581333000188
48583432000107
48583732000188
48584026000150
48584311000171
48587441000168
48587441000249
48587758000102
48593525000104
48593525000295
48593531000161
48593532000297
48593890000119
48593890000208
48593890000380
48594248000154
48594641000148
48596200000185
48597464000153
48597464000234
48597709000142
48597904000172
48600914000110
48600914000209
48606285000216
48607181000145
48609279000131
48609480000119
48609483000152
48609484000105
48609716000117
48609718000106
48609720000185
48612229000103
48619389000184
48621230000102
48622056000104
48622064000150
48625789000100
48625795000150
48626300000107
48626300000298
48626791000196
48626791000277
48629456000141
48629458000130
48629460000100
48629800000100
48629800000283
48630385000105
48630630000176
48634011000150
48634470000133
48634472000122
48634472000203
48635071000197
48635073000186
48635415000168
48635415000249
48637016000136
48638174000100
48639741000143
48640041000179
48641175000104
48641606000132
48642081000150
48644742000267
48645079000134
48645359000142
48648856000102
48649144000108
48649342000244
48649828000100
48649831000115
48650476000102
48652155000139
48655083000183
48655083000264
48655702000130
48657620000124
48658319000135
48658320000160
48671243000188
48671243000269
48671647000171
48671647000252
48671647000333
48671649000160
48671649000241
48671991000160
48671997000138
48672148000107
48672433000110
48675547000113
48675999000103
48676005000165
48676482000120
48676945000154
48677794000159
48680191000106
48680191000297
48687015000104
48687413000112
48687872000104
48688123000193
48688577000164
48688577000245
48689388000297
48690148000121
48690152000190
48691100000138
48692683000111
48693077000110
48693077000200
48693426000102
48693977000168
48697928000101
48699844000107
48700867000186
48700869000175
48701313000101
48701713000109
48701715000106
48701720000100
48701724000199
48701724000270
48702075000140
48702077000130
48702081000106
48703529000106
48703845000170
48704624000116
48706432000149
48707679000180
48708045000141
48708048000185
48708049000120
48709162000120
48709163000174
48709697000109
48712328000167
48712776000160
48712776000241
48713060000188
48713060000269
48713775000130
48714124000165
48714940000179
48715717000146
48716076000144
48716430000130
48717139000187
48717139000268
48718288000160
48718288000241
48718289000105
48718289000296
48718982000188
48719175000180
48719572000151
48721964000155
48722539000180
48722539000261
48722544000193
48722544000274
48722544000355
48723132000178
48724426000114
48725080000179
48728631000158
48728632000100
48728632000283
48731248000159
48731579000199
48731918000137
48732362000101
48732362000284
48742747000141
48745135000102
48745135000293
48748551000164
48748709000104
48748710000120
48749180000135
48749180000216
48749180000305
48749860000159
48750654000169
48751023000164
48752699000172
48755378000121
48755842000180
48757864000189
48760256000123
48760256000204
48767385000143
48767616000119
48767623000110
48767851000190
48767851000271
48768134000183
48768484000140
48770068000186
48771654000145
48771998000154
48771998000235
48771999000107
48772344000145
48772344000226
48772348000123
48772349000178
48772349000259
48772351000147
48772623000109
48772625000289
48772627000197
48772627000278
48772908000140
48772908000220
48772914000105
48773367000174
48783089000136
48783091000105
48788107000172
48788349000166
48788349000328
48788352000180
48788353000124
48788354000179
48788355000113
48788357000102
48788455000140
48790459000162
48791221000151
48794113000132
48794113000213
48794113000302
48794866000148
48796188000152
48803724000108
48806538000114
48808637000135
48808637000216
48808907000108
48809150000177
48809387000158
48814097000100
48814100000188
48814407000189
48814409000178
48814414000180
48814414000261
48814751000178
48814755000156
48815093000139
48815455000191
48816167000151
48818727000107
48820061000121
48820067000107
48822261000113
48822261000202
48822549000198
48822549000279
48822780000181
48822781000126
48823798000106
48824234000180
48824234000260
48827616000167
48828408000182
48828844000151
48831563000158
48831920000188
48835109000175
48835430000150
48835437000171
48839205000191
48839448000120
48840222000149
48840226000127
48840531000119
48840859000135
48841133000117
48842668000102
48844145000103
48844460000122
48844805000148
48845421000140
48845421000301
48845422000194
48845692000103
48845694000194
48845694000437
48845983000193
48846247000150
48846725000121
48846726000176
48846937000109
48849487000108
48849957000133
48850149000196
48850151000165
48851891000116
48852181000100
48852182000155
48852233000149
48852280000192
48852280000273
48853502000191
48853505000125
48853507000114
48853508000169
48853510000138
48853511000182
48853513000171
48853516000105
48853647000192
48853648000137
48853649000181
48888129000104
48888133000172
48888442000142
48888445000186
48888760000103
48888761000158
48890055000140
48892233000172
48892233000253
48892662000140
48892976000142
48892977000197
48892979000186
48892979000267
48892979000348
48892981000155
48893178000135
48893347000137
48894330000102
48894822000190
48894824000260
48894824000340
48894916000169
48894977000126
48898168000192
48898177000264
48898780000165
48898780000246
48901088000149
48902881000162
48903244000100
48903519000106
48911405000108
48915701000187
48915881000105
48916158000132
48916297000166
48916297000247
48916297000328
48916594000292
48916594000373
48916595000156
48916599000134
48916600000201
48916600000392
48916755000167
48916814000105
48916867000118
48916990000139
48922046000194
48922048000183
48929159000111
48929183000231
48929183000312
48929183000401
48929216000162
48929222000110
48930824000197
48933948000126
48934367000109
48938554000160
48940996000141
48941590000183
48943041000148
48943654000185
48947095000181
48947099000160
48947705000147
48948224000156
48948414000173
48948419000104
48950758000117
48950766000163
48951341000179
48951634000156
48951928000188
48952211000150
48954865000113
48954865000202
48956597000179
48956611000134
48956613000123
48957297000104
48957789000280
48957789000361
48958277000158
48959678000122
48960563000158
48960563000239
48960563000310
48968817000184
48971186000152
48971186000233
48971214000131
48971214000212
48972198000100
48972198000282
48973334000178
48973525000130
48974333000148
48976566000180
48977166000199
48977605000163
48977605000325
48978483000120
48980165000101
48980165000284
48981199000102
48981818000169
48982518000102
48990613000140
48990614000194
48992198000163
48992823000177
48994981000166
48995646000182
48996448000133
48997208000153
48999306000120
48999390000181
48999392000170
48999393000115
49002485000141
49003897000104
49004048000167
49006674000192
49006932000130
49014966000177
49045185000140
49045186000194
49045186000275
49045813000197
49048421000181
49053623000111
49054979000170
49054979000250
49059043000131
49059336000119
49059336000208
49060788000110
49063801000195
49064490000189
49067398000172
49070109000194
49070830000184
49073373000181
49073813000109
49083858000156
49085789000110
49090847000101
49091675000182
49091975000161
49102690000189
49103069000130
49105769000163
49106436000159
49107321000189
49108353000107
49111280000102
49111280000366
49111793000105
49112776000192
49112781000103
49112781000286
49115235000118
49115235000207
49115458000185
49118315000127
49121195000117
49122750000125
49127703000174
49128232000119
49129396000160
49129403000124
49129403000205
49131040000161
49131922000127
49132296000193
49134933000160
49136885000140
49137440000184
49137668000174
49140220000100
49142001000160
49142281000106
49143841000147
49144893000138
49146469000122
49148074000169
49148575000145
49149025000140
49149470000100
49149806000135
49150157000192
49156233000177
49157450000181
49157450000262
49157450000343
49157451000126
49158968000130
49160263000157
49164557000157
49166854000131
49172486000134
49172805000101
49175732000101
49175732000292
49177109000198
49177834000166
49177904000186
49178144000121
49178520000188
49178883000113
49182607000129
49183822000144
49194381000186
49194782000136
49199161000145
49201843000145
49203812000123
49205231000120
49206108000124
49206108000205
49206111000148
49206780000110
49206786000197
49207329000117
49211358000152
49211987000182
49214733000207
49214733000380
49214734000162
49215755000100
49221712000120
49222288000138
49222290000107
49222290000379
49222799000150
49223755000144
49224240000169
49224244000147
49225091000152
49225092000105
49226267000190
49230190000122
49230465000128
49233234000178
49237252000128
49239302000106
49241005000103
49242346000195
49243089000106
49243425000110
49248596000132
49248596000302
49250839000177
49252429000165
49256171000175
49256602000101
49259390000108
49263141000196
49264089000192
49264446000112
49265420000199
49265751000129
49265751000200
49265752000173
49265752000254
49266162000246
49268414000195
49268414000276
49272022000108
49272443000120
49274570000169
49274570000240
49274570000320
49274934000100
49278597000120
49278652000181
49279960000121
49283624000152
49295570000145
49298764000102
49298764000285
49298764000366
49299147000113
49299148000168
49299149000102
49299812000179
49299812000250
49304735000106
49306955000160
49317818000121
49318141000146
49326651000165
49331274000152
49333276000180
49345186000100
49348010000101
49348489000267
49351101000104
49351101000287
49353551000128
49359983000146
49359988000179
49359988000250
49361815000195
49362298000179
49362298000250
49362766000105
49362769000149
49365787000184
49365788000129
49365789000173
49367736000191
49367737000136
49367743000193
49367743000274
49370705000190
49371162000125
49382535000163
49383056000161
49385089000140
49393888000169
49394512000179
49394701000141
49394704000185
49395824000105
49395979000133
49395980000168
49397530000104
49398952000102
49399403000144
49399880000100
49401592000142
49403731000177
49404422000111
49404422000200
49405626000177
49406071000188
49406071000269
49406511000105
49407040000141
49413881000242
49417716000188
49420889000155
49420889000236
49421320000104
49421683000140
49433465000125
49433472000127
49433491000153
49433504000194
49433506000183
49433512000130
49435729000260
49436192000253
49436933000115
49440620000130
49444215000190
49446584000112
49447039000140
49447043000109
49448234000195
49453047000108
49457806000100
49460148000106
49465227000100
49476499000105
49479385000100
49479385000291
49494381000100
49494682000125
49495359000176
49500410000190
49505818000155
49505823000168
49506361000101
49513136000194
49513463000146
49515967000103
49516323000121
49516345000191
49516879000118
49516879000207
49519727000179
49523097000106
49525809000126
49526198000130
49526500000150
49540689000136
49541207000162
49543026000175
49553182000117
49557876000122
49560482000123
49560482000204
49569394000192
49569396000181
49569488000161
49569628000100
49570405000154
49570405000235
49574662000164
49574662000245
49575931000107
49575931000298
49575931000379
49581951000190
49581951000271
49583532000198
49584259000116
49587982000159
49588220000177
49588220000258
49588222000166
49588223000100
49588521000109
49588521000281
49588814000188
49589580000193
49589580000274
49589593000162
49590416000104
49600647000143
49600981000105
49606533000100
49608666000116
49615270000104
49617925000175
49624050000139
49624424000116
49631957000125
49631959000114
49631962000138
49631962000219
49633327000190
49635966000194
49640228000135
49641504000180
49641910000223
49641910000304
49641914000201
49641914000392
49642712000101
49645001000263
49647638000108
49648704000164
49657210000146
49657363000193
49657363000274
49657399000177
49658252000100
49664421000106
49664421000297
49669910000150
49679915000164
49683208000141
49683213000154
49685499000107
49686382000148
49686875000188
49686875000269
49686879000166
49696606000100
49703751000163
49703751000244
49705583000145
49706463000162
49711304000156
49711305000109
49712469000142
49714859000151
49714860000186
49718998000153
49729927000156
49732198000197
49732198000278
49737060000180
49741120000139
49741120000210
49743358000101
49744756000134
49745202000151
49745633000118
49746441000207
49749588000170
49749588000250
49754202000118
49760299000171
49772744000113
49772744000385
49781444000281
49786115000142
49786115000223
49798799000100
49799439000115
49802314000105
49802315000141
49818007000104
49818007000295
49818007000376
49818009000101
49818900000130
49820222000140
49820223000194
49820730000128
49823785000191
49826119000107
49833057000160
49833409000188
49833410000102
49833410000293
49834292000157
49834569000141
49835611000149
49835611000220
49835611000300
49836276000101
49836530000163
49839122000165
49839123000100
49840426000142
49840860000122
49846287000164
49852548000159
49852548000230
49856053000106
49856053000289
49859130000254
49859130000335
49859132000162
49859132000243
49861454000146
49862556000186
49865294000103
49870817000100
49870817000290
49872200000123
49875093000197
49878866000199
49879135000168
49879135000249
49879135000320
49880167000183
49880319000148
49883544000138
49887836000149
49887840000107
49890864000115
49905603000121
49905603000202
49905604000176
49913084000143
49914019000132
49918938000184
49934445000138
49935477000158
49935951000141
49935955000120
49936424000151
49937623000184
49938274000204
49946079000137
49949916000181
49955095000196
49955096000130
49955097000185
49956922000166
49957843000170
49959445000192
49960075000103
49963426000130
49963427000184
49963428000129
49963729000152
49981057000108
49982790000147
49982791000191
49994449000101
49994451000180
49996684000112
49997002000196
49998645000154
49998754000171
49999027000129
49999280000263
50003942000100
50014325000100
50015956000135
50018231000109
50020396000107
50020399000140
50020961000136
50022251000145
50022253000134
50022254000189
50022506000170
50022506000250
50033386000297
50040729000160
50041741000199
50045535000157
50047408000197
50049254000172
50051734000178
50051734000259
50051734000330
50055035000287
50060646000132
50060648000121
50066642000161
50068462000119
50069520000129
50079643000140
50087205000124
50088028000109
50090558000183
50090563000196
50090564000130
50090947000109
50092927000177
50093372000188
50099815000148
50109905000172
50110458000171
50110460000140
50110461000195
50111997000125
50113601000189
50114689000153
50116149000109
50116658000131
50122575000155
50128336000102
50134091000126
50136210000180
50136210000260
50136218000146
50145844000107
50148064000102
50150067000180
50151037000199
50156903000134
50187016000123
50190796000160
50191745000153
50192935000195
50200961000118
50204406000164
50208038000122
50212987000186
50213460000176
50216295000106
50228016000124
50228016000205
50228016000396
50228016000477
50229539000276
50232225000141
50254959000121
50254959000202
50256369000138
50256369000219
50256369000308
50258503000130
50259383000195
50262056000192
50271629000144
50271630000179
50288477000192
50289428000174
50291271000111
50292872000149
50292872000220
50294702000101
50294713000183
50295053000155
50295053000236
50302311000183
50302313000172
50303303000151
50306516000137
50309835000104
50309835000287
50309835000368
50310286000180
50310731000101
50311926000176
50316913000190
50323603000100
50323603000283
50325762000136
50327424000133
50327660000150
50327660000230
50327660000311
50327661000102
50328331000123
50328331000395
50328331000476
50330057000127
50339123000120
50340988000106
50342727000125
50347648000107
50347648000298
50349666000128
50350377000149
50355322000121
50355322000202
50356572000186
50358011000116
50358836000130
50359755000155
50359755000236
50359757000144
50360000000170
50360000000251
50362149000199
50364112000108
50364989000190
50366166000102
50366168000193
50371044000104
50371306000122
50378349000130
50380223000108
50381936000188
50385104000130
50387614000146
50387618000124
50387618000205
50387911000191
50388233000181
50389491000182
50391811000139
50392090000181
50392801000118
50397373000116
50398164000197
50398164000278
50398165000131
50398689000122
50413193000180
50414208000206
50414212000355
50415713000275
50416089000140
50416095000105
50418679000101
50421951000102
50423891000167
50424844000219
50424844000308
50425068000190
50425068000271
50425068000352
50429142000147
50429142000228
50431834000120
50434764000163
50434764000244
50435827000104
50435830000110
50436903000198
50445892000102
50447807000145
50448124000102
50449967000123
50450967000143
50453490000150
50453774000146
50457389000177
50457394000180
50457888000164
50459744000147
50462253000155
50464546000171
50468356000203
50470266000176
50470512000190
50470512000270
50474646000189
50474646000260
50477425000164
50480761000166
50488150000164
50500492000152
50510267000105
50517693000162
50519865000137
50521548000155
50521548000236
50521548000317
50521548000406
50525014000105
50525015000141
50530400000187
50531679000113
50534083000177
50534086000100
50534590000100
50543745000175
50547999000242
50554073000101
50564941000126
50579560000110
50579680000118
50580444000111
50580850000184
50581763000141
50583506000149
50586652000128
50587049000160
50589744000161
50592068000185
50592074000132
50592077000176
50592077000257
50592405000134
50592405000215
50592407000123
50598654000137
50600128000164
50602128000284
50602128000365
50606811000109
50606812000153
50614755000154
50617632000177
50618953000196
50618959000163
50619433000106
50621115000252
50621470000140
50622764000197
50622770000144
50627267000181
50627267000262
50627267000343
50628447000188
50628921000171
50631849000131
50635342000156
50635792000149
50641803000101
50647400000161
50648760000188
50650838000107
50652170000129
50652172000118
50654002000172
50662929000154
50667135000183
50673964000179
50676016000197
50676020000155
50677150000102
50684867000181
50686348000152
50686349000105
50687240000184
50687782000157
50687782000238
50688830000121
50692535000149
50693517000181
50694427000105
50695008000198
50695015000190
50695015000270
50698140000153
50698142000223
50698142000304
50700953000130
50706484000167
50706982000100
50706991000109
50708278000277
50708278000358
50708280000246
50708943000141
50708943000222
50708945000130
50708945000211
50709201000130
50709201000211
50709201000300
50709474000185
50710378000157
50732474000104
50738190000117
50744073000166
50745789000188
50749429000154
50749433000112
50751717000143
50759817000116
50759817000205
50759818000160
50759818000241
50761487000101
50764528000105
50765711000125
50765949000150
50768251000199
50770425000158
50774128000180
50774128000261
50797875000134
50800387000139
50805974000382
50807419000128
50811726000182
50813271000134
50823862000192
50823866000170
50823866000251
50824276000162
50824968000100
50825838000192
50831127000120
50842549000100
50852834000101
50853380000185
50865251000107
50866282000263
50866283000127
50866283000208
50868859000195
50870098000106
50871134000156
50872543000177
50872543000258
50872945000171
50873342000194
50876591000133
50877991000163
50878673000117
50879694000157
50882914000100
50882918000180
50891496000109
50891497000153
50907358000170
50908335000180
50908773000149
50915071000192
50916276000192
50916277000218
50917422000102
50919520000170
50921613000130
50921984000111
50922839000155
50925917000175
50927002000107
50936032000171
50937298000139
50943408000175
50948191000196
50954394000195
50963632000129
50963632000200
50965505000169
50965506000103
50969834000269
50973988000143
50973993000156
50974438000149
50974440000118
50974441000162
50981509000130
50981511000100
50981916000148
50987045000170
50987590000166
50990199000110
50990199000200
50990400000160
50992082000176
50992082000257
50992082000338
50992082000419
50993364000279
50999704000198
50999704000279
50999706000187
50999752000186
51004848000120
51005165000197
51005167000186
51005167000267
51005913000131
51005914000186
51007629000102
51008528000148
51008920000197
51009351000102
51009354000138
51010409000120
51010409000200
51012858000107
51014268000113
51014273000126
51016659000177
51030163000239
51032444000140
51033308000174
51038013000190
51040597000139
51041442000117
51041442000206
51044460000152
51044462000141
51044897000196
51047445000168
51047456000148
51047456000229
51047963000181
51047971000128
51049404000100
51051582000176
51051872000110
51052148000291
51055001000174
51061080000126
51062262000111
51065784000177
51066170000100
51066170000290
51067454000110
51080329000140
51081844000145
51090797000104
51090799000195
51091529000107
51091529000280
51091829000188
51091832000282
51091835000135
51095639000139
51095640000163
51097058000136
51097941000126
51101029000109
51109396000140
51116793000140
51118337000139
51132671000147
51132673000136
51133517000270
51133517000351
51137449000137
51137454000140
51139486000184
51139732000106
51143507000135
51143897000143
51147341000125
51150137000163
51150615000135
51158584000169
51161356000148
51179546000192
51182358000113
51185365000179
51188905000178
51188905000259
51190378000136
51193160000135
51195227000170
51206678000166
51207620000137
51207972000192
51208575000135
51208575000216
51216799000199
51217234000126
51217604000125
51222424000131
51226668000192
51229998000131
51239760000197
51240128000163
51241900000161
51251117000189
51254008000115
51274047000184
51278191000199
51278952000102
51281743000118
51281998000180
51282683000158
51282684000100
51288521000127
51296097000162
51296344000120
51298403000108
51307132000100
51313982000102
51327333000160
51329413000155
51334709000164
51342252000130
51343581000103
51372420000130
51373709000173
51383589000195
51395948000124
51400260000195
51423698000199
51426610000192
51427709000109
51429232000109
51429232000281
51442995000181
51442995000262
51465272000106
51465272000289
51465273000142
51465273000223
51466208000131
51467109000174
51468032000157
51468032000238
51468034000146
51482760000113
51483753000136
51483753000217
51484183000107
51497988000187
51497988000268
51509371000134
51528084000171
51531434000159
51531434000230
51544022000153
51547035000186
51553043000135
51553047000113
51553564000192
51553565000137
51555400000102
51561339000106
51568276000101
51571119000155
51573982000141
51578270000115
51585895000104
51595588000104
51597207000126
51620016000138
51637069000161
51638350000119
51644785000176
51646475000190
51653421000152
51653894000150
51660412000199
51661359000140
51667547000186
51670437000173
51672252000106
51677303000184
51679186000198
51679968000127
51688643000100
51688643000291
51691060000139
51705552000136
51706809000174
51706811000143
51706811000224
51724055000185
51726383000110
51726383000200
51735279000192
51740961000173
51752069000293
51753619000108
51758273000130
51793970000122
51800032000102
51800033000157
51800034000100
51800036000190
51821936000114
51822420000194
51822422000345
51826341000151
51831750000146
51837284000106
51837284000882
51843899000145
51845350000190
51846799000172
51847997000150
51852889000176
51869958000154
51869958000235
51869958000316
51870831000155
51886906000196
51887985000150
51887991000107
51888590000171
51905220000103
51905220000286
51905220000367
51917545000106
51918013000185
51919469000160
51932305000172
51932305000334
51936605000120
51937714000161
51937714000242
51938718000164
51938719000109
51938719000290
51949921000136
51959061000111
51971469000109
51988009000193
51989819000164
51989819000326
51989819000407
51998650000370
51999833000149
52004380000136
52006865000169
52006870000171
52006872000160
52011934000122
52014902000180
52032388000297
52039077000179
52039078000113
52039474000140
52042020000129
52051012000149
52058015000104
52059126000135
52062264000173
52075362000145
52080078000167
52083525000131
52086539000109
52086539000290
52086785000160
52101370000119
52102671000167
52105318000130
52105592000100
52105598000187
52105598000268
52105602000107
52109788000172
52125300000109
52128720000130
52129225000146
52130948000165
52133796000154
52133796000235
52134268000110
52134268000209
52134745000147
52134745000228
52134745000309
52135173000110
52136021000132
52136029000107
52136830000144
52142271000185
52142273000174
52145061000140
52154364000120
52162133000168
52162907000150
52162907000231
52162907000312
52162907000401
52162907000665
52162910000174
52162910000255
52162910000336
52162910000417
52166091000133
52169280000240
52169783000135
52170158000103
52176147000130
52177678000148
52178107000128
52180580000140
52182541000181
52187399000165
52187694000111
52188277000193
52191455000135
52192512000109
52193134000170
52195699000196
52195699000277
52195699000358
52196699000100
52201757000147
52201757000228
52202456000138
52212679000186
52212906000173
52214688000106
52216437000160
52218482000154
52220394000197
52220754000150
52220854000187
52220854000268
52220854000349
52220854000420
52225654000117
52225654000389
52225655000161
52229915000177
52230672000197
52230672000278
52230672000359
52230672000430
52230672000510
52230672000600
52231566000128
52231566000209
52231569000161
52231569000242
52233409000151
52234540000133
52234540000214
52234540000303
52238744000142
52238747000186
52238747000267
52239140000110
52240522000164
52243286000130
52253009000108
52254714000120
52257606000100
52261675000198
52267722000100
52268027000163
52268360000172
52271557000160
52280163000179
52280165000168
52280168000100
52280170000170
52280172000160
52280619000109
52281834000116
52281834000205
52283815000129
52284236000109
52284236000281
52284238000190
52284240000169
52284642000163
52284642000244
52284642000325
52284644000152
52285587000126
52285587000207
52285587000398
52296122000251
52296122000332
52296127000101
52296127000284
52297310000113
52297782000176
52299667000130
52300788000155
52304269000165
52305236000130
52305236000210
52308635000154
52311334000180
52312009000131
52312315000178
52312315000259
52312637000117
52312641000185
52312641000266
52319426000106
52324649000161
52324649000242
52324649000323
52330361000108
52330361000280
52330361000361
52331314000170
52331314000251
52337700000170
52338658000101
52339135000180
52346580000177
52347348000153
52348631000108
52349282000130
52349282000211
52349283000185
52349550000114
52350159000130
52350680000177
52350681000111
52351321000134
52351337000147
52351924000136
52351924000217
52354770000136
52358586000164
52358588000153
52358589000106
52358590000122
52364625000136
52365378000192
52366454000184
52369726000108
52370270000198
52376285000163
52379155000184
52381011000162
52385288000163
52387690000187
52387692000176
52388936000135
52388936000216
52388936000305
52388938000124
52389489000139
52389492000152
52389492000233
52389493000105
52389493000288
52389493000369
52391076000199
52391080000157
52392038000150
52392960000148
52393382000164
52394104000121
52394420000101
52395080000125
52395083000169
52395275000175
52401397000127
52403676000120
52404535000121
52405302000143
52405592000125
52405593000170
52405937000140
52406351000109
52407242000106
52407680000166
52408182000138
52410395000102
52411507000131
52411793000135
52412895000175
52416638000101
52418125000130
52425497000193
52425505000100
52426482000140
52426482000220
52426906000176
52426908000165
52434238000129
52436521000190
52436525000178
52438492000103
52438752000132
52439059000184
52439061000153
52439062000106
52440667000109
52480843000136
52480850000219
52480853000171
52481209000118
52481213000186
52481220000188
52481378000158
52481383000160
52481526000134
52481532000191
52481534000180
52482044000107
52482906000193
52483045000168
52483264000147
52483363000129
52483569000159
52483630000168
52483632000157
52483638000124
52483642000192
52483645000126
52484013000187
52484017000165
52484024000167
52484025000101
52484032000103
52484035000147
52484039000125
52484041000102
52484061000175
52484062000110
52484079000177
52484079000258
52484403000157
52484598000135
52485104000137
52485106000126
52485106000207
52485107000170
52485110000194
52485416000140
52485420000109
52485761000184
52485762000129
52485765000162
52487026000100
52487036000145
52487039000189
52487917000166
52489155000137
52489864000201
52489864000384
52490104000125
52490871000134
52491640000145
52491640000226
52492008000116
52492479000124
52492479000205
52492893000133
52494193000188
52495050000190
52495051000135
52495051000216
52495053000124
52495476000144
52495478000133
52495482000100
52496525000163
52496525000325
52496525000406
52501284000101
52501554000176
52501873000181
52501874000126
52503277000130
52513594000138
52513599000160
52513599000241
52513599000322
52513599000403
52513599000594
52513599000675
52513599000756
52513599000837
52513599000918
52513599001051
52513600000157
52513600000238
52521005000163
52521011000110
52527545000154
52529051000109
52529897000149
52530842000159
52530842000230
52532441000138
52532441000219
52532444000171
52534174000138
52536552000112
52537411000114
52537696000193
52537696000274
52537940000118
52538177000140
52538177000220
52538181000108
52538393000195
52538656000166
52539071000160
52539340000199
52539342000188
52545943000101
52546353000195
52546354000130
52546354000210
52546354000300
52546586000198
52546588000187
52546889000100
52547249000115
52549224000231
52549224000401
52549230000108
52549230000299
52549230000370
52549231000152
52550815000148
52550815000229
52551340000104
52551341000159
52551341000230
52552801000163
52554097000188
52554617000152
52554618000105
52557356000124
52557356000205
52557969000161
52559148000164
52560462000167
52560472000100
52560479000114
52560479000203
52560827000153
52560827000234
52561159000189
52561416000182
52566021000172
52566392000154
52570064000121
52571471000153
52572017000117
52572017000206
52572019000106
52572019000297
52572321000164
52573686000103
52573686000294
52574693000120
52575785000124
52575785000205
52576800000159
52582810000105
52584023000194
52584023000275
52584024000139
52584767000109
52586011000107
52586011000280
52586016000121
52586466000114
52589408000144
52590917000197
52592296000180
52592298000170
52592298000250
52593236000182
52593245000173
52593708000105
52595322000124
52595908000199
52600946000192
52601734000120
52601735000174
52602119000138
52603803000134
52607948000103
52609600000155
52610313000165
52610603000109
52610608000131
52610612000108
52610616000188
52613703000199
52620594000137
52620787000198
52621119000185
52625188000167
52628822000115
52628828000192
52628830000161
52629332000133
52629774000180
52631311000152
52631802000101
52632317000144
52632317000225
52632322000157
52632838000100
52632839000146
52633243000160
52633244000105
52633585000180
52634453000173
52634453000254
52638753000120
52638753000201
52639046000159
52639384000190
52640668000288
52640668000440
52641158000144
52645189000173
52646778000176
52647056000136
52650529000154
52650541000169
52653936000115
52656640000158
52657308000299
52657701000100
52662998000193
52663000000175
52663000000256
52663458000124
52663968000100
52664479000164
52665521000161
52666510000104
52667451000180
52668293000183
52669745000141
52669921000145
52673271000101
52673271000292
52674310000195
52674312000184
52674644000169
52675008000151
52675010000120
52675823000110
52676736000188
52677221000100
52677450000117
52677450000206
52677450000389
52677661000150
52680241000122
52680615000100
52680622000101
52681018000108
52681479000172
52681971000148
52682450000105
52682454000193
52682454000274
52683389000110
52683392000134
52683825000151
52683829000130
52684261000171
52685132000106
52685133000142
52685137000120
52685137000201
52685506000185
52685812000111
52685812000200
52686103000150
52686347000133
52686709000196
52695559000187
52698206000130
52698825000125
52698825000206
52699229000160
52699229000240
52699230000194
52699610000129
52699975000153
52699975000234
52700323000191
52711373000174
52711373000255
52713008000107
52715378000175
52715654000103
52715654000286
52718870000102
52719367000163
52720806000158
52721259000125
52722086000160
52722511000110
52722512000165
52723247000130
52732322000129
52732326000107
52732566000101
52732572000169
52733575000117
52733575000206
52735043000119
52735046000152
52735544000103
52736009000169
52737755000177
52738558000172
52738558000253
52738905000167
52738906000101
52740120000129
52740282000167
52743088000135
52743088000216
52744385000103
52745075000103
52745881000173
52746327000100
52746327000372
52747685000138
52747685000308
52750215000123
52750216000178
52751418000134
52753782000133
52756286000133
52766469000130
52766817000179
52766976000173
52767138000114
52767139000169
52768739000141
52768741000110
52769237000135
52769751000170
52769945000176
52769946000110
52770115000169
52770288000187
52770467000114
52770650000110
52770968000109
52773129000136
52773129000217
52781597000152
52782009000103
52783775000184
52785119000110
52785704000110
52785704000200
52786446000197
52786450000155
52786877000153
52788305000103
52788829000102
52788831000173
52789884000109
52791550000170
52791550000250
52791550000331
52792146000110
52801887000110
52802134000120
52802135000174
52802138000108
52802387000101
52802973000148
52802976000181
52802982000139
52803336000196
52804826000107
52805361000109
52805361000290
52805361000370
52807852000199
52807855000122
52809008000105
52811062000187
52814284000153
52814895000100
52815302000111
52815306000108
52816201000165
52816701000105
52817199000149
52817207000157
52817208000100
52817208000282
52818023000101
52820105000190
52820816000165
52820819000107
52821239000126
52821239000207
52821652000190
52821653000135
52821654000180
52821656000179
52822124000156
52822124000237
52822610000174
52824062000111
52824062000200
52826226000140
52826458000106
52826458000289
52835455000120
52835942000193
52835942000274
52835944000182
52835944000263
52835945000127
52836198000141
52836203000116
52836205000105
52836487000140
52836489000130
52836832000146
52837568000165
52838005000191
52838447000138
52838896000186
52840944000170
52841856000193
52841859000127
52841859000208
52842084000104
52842084000295
52842084000376
52842286000156
52842460000160
52842461000105
52844369000184
52845416000104
52846121000152
52846825000125
52846825000206
52846825000397
52846825000478
52847169000185
52847171000154
52847174000198
52847526000105
52847528000102
52847528000285
52848360000141
52849131000141
52849761000116
52849761000205
52849765000102
52850034000179
52851689000161
52852434000113
52853242000121
52853247000154
52854423000172
52854423000253
52855105000126
52858086000191
52868867000167
52869283000106
52869841000133
52870290000128
52870295000150
52870295000231
52870298000194
52871468000155
52871817000139
52871817000210
52872598000102
52872600000143
52873012000124
52873017000157
52874378000118
52874378000207
52875174000100
52875565000116
52875569000102
52875569000285
52875924000135
52876245000180
52876511000175
52883359000158
52883776000109
52886862000167
52887229000193
52887598000186
52888007000195
52888852000160
52888854000150
52889281000189
52890045000182
52890429000103
52890429000286
52890791000176
52890792000110
52891118000150
52891625000194
52891628000128
52891628000209
52892578000101
52901250000104
52901599000138
52902233000183
52902238000106
52902240000185
52902395000111
52904593000114
52904594000169
52904969000190
52904969000271
52905735000168
52905739000146
52905741000115
52906613000196
52906613000277
52910557000163
52910679000150
52910680000184
52910799000157
52910799000238
52910800000143
52910800000224
52916630000104
52916976000102
52916981000204
52917299000147
52917303000177
52917305000166
52917584000168
52918995000178
52920387000106
52920387000289
52920387000360
52920767000132
52920768000187
52920771000109
52920771000281
52920772000145
52938060000153
52952704000168
52952704000249
52954186000111
52954623000105
52954626000130
52954627000185
52954628000120
52954630000107
52954814000169
52954822000105
52954822000296
52954824000102
52954824000285
52954825000149
52954827000138
52955013000118
52955182000158
52972529000170
52972533000139
52972533000210
52972722000101
52972871000170
52972877000148
52972926000142
52972926000223
52977334000113
52977334000202
52977334000385
52977335000168
52977335000249
52977338000100
52977338000282
52977700000134
52977702000123
52977711000114
52978417000127
52978656000187
52978660000145
52978662000134
52978663000189
52978664000123
52978664000204
52978666000112
52984428000110
52984731000112
52984990000143
52999628000146
52999718000137
52999719000181
52999719000262
52999720000106
52999720000297
52999720000378
52999722000103
52999722000448
52999723000140
52999723000492
52999809000172
52999809000334
52999906000165
53000007000170
53000010000193
53000073000140
53000408000120
53000409000174
53014182000116
53015057000120
53015058000175
53015059000110
53015066000111
53015067000166
53015070000180
53015077000100
53015466000127
53015472000184
53015474000173
53016336000109
53018379000123
53018379000204
53018702000169
53018709000180
53018992000140
53019224000101
53019650000145
53019651000190
53019827000103
53019974000183
53019975000128
53023155000100
53023918000112
53023918000201
53023919000167
53023921000136
53026663000141
53027578000106
53027910000124
53027913000168
53028448000180
53028455000181
53028674000160
53028689000129
53028928000140
53029155000117
53030505000165
53030935000187
53031389000107
53034015000137
53034015000218
53034349000100
53057665000106
53108484000153
53109196000113
53109731000136
53110640000110
53110640000200
53113002000153
53113018000166
53113020000135
53113021000180
53113022000124
53113026000102
53113028000100
53113052000130
53113053000185
53113097000105
53113104000179
53113168000170
53114810000135
53115494000116
53116185000160
53116187000150
53117227000188
53117231000146
53117400000148
53117401000192
53117405000170
53117614000114
53117617000158
53117621000116
53117622000160
53121236000142
53121239000186
53121247000122
53121656000129
53121659000162
53121659000243
53122044000150
53122390000139
53123370000182
53123613000182
53123850000143
53124062000171
53125122000170
53125128000148
53125215000103
53125325000167
53125900000121
53126720000164
53126722000153
53127314000116
53128106000131
53128633000146
53128750000100
53130759000155
53137547000108
53137549000199
53137787000102
53137893000188
53137896000111
53137996000148
53137999000181
53138002000108
53138002000299
53138005000141
53138112000170
53138112000250
53138289000176
53138289000338
53139475000120
53139475000200
53139476000174
53141914000139
53142195000170
53142199000159
53142199000230
53142471000109
53144052000106
53147646000162
53150211000177
53155530000175
53156457000156
53156548000191
53159022000165
53161954000142
53162702000138
53162702000219
53169301000100
53170051000128
53170323000190
53170323000270
53170959000131
53170959000212
53171327000192
53171327000273
53178416000160
53178540000126
53179153000104
53179153000295
53180125000107
53184304000112
53184304000201
53184304000384
53184304000465
53184304000546
53184304000627
53184304000708
53184304000899
53184304000970
53184304001003
53184304001194
53184304001275
53184304001356
53184304001437
53184304001518
53184304001607
53184304001780
53184304001860
53184304001941
53184304002085
53184304002166
53184304002247
53184308000109
53186082000177
53187992000174
53187992000255
53189885000185
53190284000192
53190284000273
53190284000354
53190285000137
53191057000181
53192742000122
53193213000143
53196719000106
53201801000181
53202588000203
53203776000175
53203776000256
53203776000337
53203777000110
53205180000104
53205180000295
53208568000169
53211378000109
53216759000172
53221255000140
53221255000817
53241372000176
53241636000191
53242717000106
53244093000166
53245079000187
53247658000169
53249407000113
53249407000202
53249411000181
53249995000195
53249995000276
53250597000199
53251015000199
53255910000181
53255910000262
53256570000103
53259789000166
53259791000135
53261364000191
53261364000272
53266303000117
53266964000142
53266965000197
53266966000131
53267819000186
53269850000156
53269902000194
53272335000125
53274996000190
53275620000108
53279209000100
53279210000127
53279644000127
53284542000108
53285050000129
53285050000200
53285679000179
53289421000140
53289421000221
53292483000101
53292483000292
53293861000171
53300098000240
53302703000130
53305039000183
53305039000264
53314107000170
53319318000104
53319437000159
53320823000241
53320825000150
53320992000109
53320992000281
53321318000130
53326318000123
53326318000204
53327602000114
53327689000120
53327689000200
53357964000158
53378722000140
53378726000129
53378749000133
53378750000168
53378751000102
53379373000181
53380078000145
53380407000158
53380412000160
53382136000170
53382137000114
53382499000105
53382813000150
53383435000129
53384110000160
53384110000241
53384114000149
53384888000170
53384895000171
53384895000252
53387889000178
53389841000107
53389844000132
53389844000213
53389849000165
53390278000189
53390468000104
53401067000102
53401067000285
53402500000116
53404701000152
53409824000186
53409825000120
53409826000175
53416232000272
53416496000145
53416691000175
53416692000110
53416695000153
53416854000110
53416854000209
53417030000164
53417034000142
53420520000110
53421977000149
53421984000140
53423434000160
53425086000160
53425642000107
53425642000280
53425642000360
53427216000285
53428695000173
53428698000107
53428703000181
53430271000143
53430825000102
53430825000293
53430828000146
53432430000149
53439473000156
53439473000237
53444221000115
53444221000468
53445295000176
53445794000163
53448703000143
53450010000195
53450010000276
53467459000166
53473124000150
53473569001102
53473572000154
53475543000121
53485156000176
53493149000116
53502601000169
53502603000158
53502603000239
53505859000119
53505860000143
53506336000197
53506811000125
53516771000100
53520456000149
53522275000151
53522649000139
53523847000117
53532402000101
53533454000194
53537878000208
53538876000152
53541393000107
53542524000170
53542527000104
53544175000126
53546863000125
53548827000109
53558472000120
53558472000201
53558472000392
53561447000104
53561631000146
53561792000130
53561793000184
53561956000129
53562295000156
53566187000151
53566187000232
53566187000313
53573476000188
53573910000120
53573912000119
53575229000110
53577173000133
53577173000214
53577173000303
53577173000486
53589050000112
53589239000105
53589239000296
53589451000172
53589451000253
53590108000148
53590658000167
53591016000182
53591016000263
53591019000116
53592718000180
53594738000190
53595100000174
53595421000179
53607635000118
53627889000106
53627891000177
53627896000108
53627898000199
53627901000174
53627902000119
53627904000108
53627906000105
53627910000165
53627916000132
53628075000188
53631296000105
53631906000170
53631906000251
53631910000139
53634575000122
53634577000111
53634816000133
53640175000120
53642162000190
53643393000118
53643400000181
53648647000190
53650468000198
53650468000279
53651908000121
53652529000156
53654573000103
53654574000140
53654575000194
53655416000104
53656439000133
53664364000132
53665219000176
53665219000257
53666586000194
53669155000181
53669654000179
53673868000119
53675604000102
53689153000154
53689468000100
53690340000158
53691732000131
53692683000151
53692685000140
53692686000195
53693176000132
53702751000116
53703188000109
53704304000104
53704824000109
53704825000153
53708618000177
53712002000170
53715684000174
53715984000153
53719917000107
53720406000105
53722001000106
53723009000197
53724196000123
53730725000100
53735284000120
53735284000201
53737387000120
53739930000128
53740449000152
53742021000149
53748660000200
53759059000124
53759611000184
53759611000265
53759611000346
53761744000195
53770795000183
53771587000107
53772542000149
53774416000123
53775747000188
53781045000107
53781428000185
53798164000172
53801060000170
53802503000147
53805791000193
53806783000161
53807621000148
53809617000119
53810379000161
53816216000196
53816216000277
53816218000185
53818354000104
53818844000100
53822875000135
53822875000216
53825657000154
53826599000183
53827514000181
53827514000262
53832651000104
53840238000191
53842014000119
53843062000121
53843062000202
53852418000193
53852726000119
53852730000187
53854767000144
53855671000109
53855671000281
53860807000160
53865278000198
53870509000151
53872067000182
53872067000263
53872067000344
53872452000120
53876107000164
53876997000104
53876997000295
53880586000192
53889455000176
53890235000162
53899026000180
53899264000195
53901805000172
53901806000117
53903748000160
53903751000184
53908728000182
53913411000134
53917538000121
53918954000144
53920921000139
53921868000190
53922351000116
53923631000149
53923632000193
53924913000160
53925338000110
53926018000185
53926021000107
53928555000164
53928845000108
53928846000152
53930274000146
53934013000102
53934496000137
53934499000170
53935394000136
53938806000191
53939829000110
53940314000130
53941348000140
53953854000159
53954917000191
53954917000272
53954963000190
53954963000271
53955023000116
53955023000205
53956144000344
53957873000153
53960429000197
53960896000117
53962602000196
53964980000109
53964985000131
53965504000102
53966590000178
53966592000167
53975479000148
53977266000155
53977766000197
53978313000185
53978866000138
53979426000103
53980042000100
53986267000166
53986267000247
53989002000111
53989002000200
53995914000104
53995914000287
54005303000126
54006195000106
54018915000153
54023362000127
54024463000112
54024467000109
54024470000114
54025603000177
54031195000166
54037574000163
54037574000244
54037574000325
54041161000152
54042001000128
54042006000150
54042463000145
54046046000170
54047602000123
54060194000140
54060676000108
54063217000170
54063744000184
54072926000111
54074694000130
54075394000176
54080008000134
54087809000121
54087814000134
54088368000182
54088894000142
54090649000170
54093816000136
54100692000179
54120034000149
54121229000103
54122220000117
54123323000100
54125618000107
54125618000298
54128528000170
54134286000127
54138534000108
54139129000104
54139130000139
54139130000210
54139534000122
54146596000242
54146596000323
54150100000123
54151911000149
54166213000117
54166215000106
54168614000106
54170042000108
54171628000189
54175969000122
54177723000190
54178224000117
54179690000117
54186917000151
54188049000149
54188049000220
54189229000145
54190312000134
54191840000108
54193095000136
54193095000217
54194126000173
54195162000151
54195168000129
54197274000141
54197274000222
54197752000113
54202019000140
54204514000198
54204517000121
54205189000188
54207232000144
54212655000152
54214183000258
54214183000339
54214188000108
54214194000157
54216267000140
54217579000178
54217943000108
54218286000105
54224549000199
54225474000160
54226484000110
54226957000180
54234357000163
54235301000123
54235801000165
54241993000112
54241993000201
54241998000145
54243482000130
54244757000150
54249062000160
54249062000241
54270105000190
54273756000133
54278169000137
54282531000143
54283365000108
54284208000109
54289834000198
54290627000153
54301040000100
54301040000364
54301040000445
54306458000100
54306458000283
54306458000364
54306458000445
54306458000526
54307157000193
54320269000184
54320271000153
54320877000199
54321268000154
54321653000282
54322492000160
54322944000104
54322948000192
54323350000118
54323350000207
54323351000162
54323352000107
54324809000106
54325191000190
54325191000271
54325522000192
54332281000109
54332626000124
54337815000190
54338367000149
54338367000220
54338375000195
54339487000160
54340305000171
54343195000100
54344591000143
54360209000195
54370137000167
54371069000150
54375348000192
54381650000153
54381656000120
54383557000188
54384354000106
54394162000180
54400482000104
54404366000155
54407151000198
54408097000103
54409236000105
54415272000181
54416548000146
54416549000190
54416989000148
54419942000138
54419942000219
54422020000180
54422020000260
54422020000341
54423724000177
54423725000111
54424979000235
54425390000170
54425397000192
54425397000273
54425811000163
54425811000244
54425819000120
54426241000126
54426244000160
54426550000104
54426550000287
54432180000100
54432970000195
54433845000108
54434267000116
54440027000124
54440909000190
54440909000270
54440909000351
54442477000156
54442477000237
54442477000318
54442477000407
54455173000123
54455173000204
54455174000178
54469021000180
54469023000179
54469414000274
54469414000355
54469414000436
54469414000517
54469414000606
54473322000187
54473322000268
54473663000152
54480495000122
54481399000107
54481400000195
54481920000106
54483479000193
54483479000274
54483479000355
54486375000132
54486681000179
54490017000101
54493182000109
54493568000110
54493568000200
54499551000170
54499982000137
54499984000126
54500893000163
54501272000102
54503912000105
54508881000185
54515237000134
54515238000189
54515893000137
54518228000105
54518228000288
54531566000179
54531566000250
54531765000187
54531766000121
54532400000177
54532785000172
54532787000161
54532787000242
54534023000105
54535386000165
54536323000123
54538311000138
54538311000219
54538621000152
54538621000233
54539949000193
54539949000274
54539949000355
54543535000138
54551471000117
54552837000172
54553668000195
54553670000164
54559111000161
54559111000242
54559113000150
54559113000231
54559113000312
54559113000401
54562117000198
54565423000188
54575863000116
54582286000190
54583626000105
54589498000107
54592067000191
54592633000165
54604827000133
54624076000117
54624153000139
54629235000176
54639886000147
54642164000141
54645164000103
54645164000286
54648347000255
54654969000105
54662365000100
54662367000108
54674453000122
54675097000161
54676918000184
54687050000118
54693111000150
54693113000149
54693118000171
54693945000165
54694968000194
54694968000275
54697666000170
54698780000114
54698780000203
54698780000386
54700418000130
54714116000111
54715129000105
54716419000173
54728188000118
54730126000140
54730126000221
54731499000136
54731499000217
54731499000306
54731499000489
54731501000177
54731501000258
54731501000339
54731501000410
54739730000138
54739730000219
54742905000166
54743020000181
54743128000174
54743236000147
54744054000190
54744430000147
54755604000177
54757566000191
54757572000149
54757576000127
54758873000197
54758873000278
54758873000359
54758874000131
54759244000181
54759757000192
54776211000140
54779359000138
54779360000162
54779361000107
54779529000184
54779532000106
54787559000132
54789147000131
54799709000209
54799709000390
54806314000105
54811586000101
54848408000147
54855586000103
54856432000128
54859662000221
54860110000152
54860110000233
54860111000105
54860132000112
54860133000167
54860138000190
54860157000116
54860411000186
54860414000110
54860414000209
54862432000130
54866052000174
54866055000108
54867560000177
54874780000128
54874781000172
54876293000102
54881013000146
54881013000227
54882231000103
54884809000152
54885537000105
54885677000183
54886380000213
54912663000101
54913029000193
54913521000169
54913521000240
54913700000104
54935100000139
54938994000110
54939322000120
54939469000110
54940514000156
54940557000131
54940894000129
54940896000118
54946486000184
54946910000190
54947241000171
54954911000187
54955371000156
54955375000134
54965055000165
54978643000133
54980870000101
54981984000168
54988311000130
54992207000119
54992211000187
54996084000194
55002499000168
55002597000103
55007681000101
55023648000175
55024571000158
55024571000239
55031703000179
55035654000142
55035654000223
55037756000105
55037759000130
55037760000165
55039222000100
55041387000116
55041387000205
55046897000186
55047667000131
55048843000150
55057030000126
55057030000207
55057359000197
55057359000278
55058401000194
55058401000275
55060448000192
55064382000109
55064385000142
55064385000223
55065565000149
55066490000110
55071226000175
55075254000160
55076212000144
55079140000199
55080606000176
55088974000160
55097552000151
55098921000120
55099628000188
55115080000112
55116916000101
55117648000134
55119882000109
55119882000281
55123119000143
55123856000146
55124670000101
55124676000189
55124676000260
55130558000183
55130772000130
55131974000104
55132839000175
55132839000256
55139073000150
55139077000139
55140989000120
55143280000189
55148398000108
55148882000129
55157252000110
55157255000154
55160098000136
55173898000191
55174539000159
55177311000112
55187780000112
55191046000127
55196611000149
55196613000138
55198991000150
55198992000103
55201216000107
55202914000127
55211062000134
55215295000105
55215304000168
55219459000172
55219464000185
55227009000121
55230231000183
55234521000103
55246981000143
55251428000107
55252054000136
55252836000175
55252839000109
55256038000111
55256038000200
55256038000383
55265655000183
55270936000124
55277698000189
55286505000156
55286511000103
55286511000294
55287521000163
55290223000122
55290223000203
55291664000149
55292507000158
55292507000239
55292513000105
55295397000188
55296201000170
55301965000106
55302393000180
55303255000115
55316396000172
55321992000140
55322919000193
55330147000131
55342267000159
55358318000130
55358889000175
55359355000163
55368011000110
55368014000154
55368020000101
55379046000155
55381029000152
55381852000168
55383502000130
55383507000163
55386586000166
55387327000150
55387327000230
55387327000311
55389211000150
55390097000188
55390957000183
55392501000152
55393024000140
55397787000169
55398134000102
55398134000285
55398136000193
55398136000274
55398137000138
55398139000127
55401482000183
55402307000100
55404117000122
55409423000151
55410469000190
55411299000169
55413202000157
55413996000159
55416865000125
55420753000148
55420757000126
55425061000192
55425061000273
55425845000110
55425845000200
55429793000150
55434489000100
55436220000154
55437442000191
55442881000192
55446101000182
55456086000153
55463402000114
55463402000203
55470853000189
55472169000217
55475046000159
55475046000230
55475427000138
55480097000179
55480775000284
55484309000196
55488678000157
55495950000126
55497644000129
55504790000134
55505612000128
55513044000298
55513052000153
55519796000185
55522134000164
55530784000151
55531544000171
55532049000187
55557954000191
55560332000112
55563064000192
55563370000129
55566914000106
55582030000145
55583145000154
55583147000143
55587623000102
55589999000148
55592284000144
55592289000177
55592289000258
55592292000190
55592293000135
55592297000113
55593864000156
55596295000100
55606923000183
55624683000140
55645298000260
55651750000115
55653962000131
55662206000179
55669405000109
55669405000290
55671633000113
55673601000157
55673601000238
55696300000149
55708318000113
55709817000125
55719044000168
55740784000186
55743641000128
55749497000137
55779957000170
55779957000250
55779957000331
55789626000110
55789626000200
55791724000192
55802693000128
55809130000161
55809130000242
55818130000128
55825786000178
55835518000137
55867732000175
55867732000256
55893414000189
55894543000191
55895167000150
55895168000102
55895177000195
55915641000168
55915643000157
55919189000102
55925971000134
55944707000148
55957050000234
55957764000161
55961640000150
55961751000166
55962000000164
55963301000102
55970046000125
55974029000166
55974593000189
55986589000130
56002990000151
56011490000186
56021666000180
56039733000194
56068860000111
56072738000119
56079102000107
56079547000189
56082875000134
56090185000127
56091645000131
56091645000212
56099596000183
56101939000105
56107472000100
56120081000118
56120144000136
56123373000104
56140266000194
56184087000159
56298943000105
56299526000179
56320296000182
56346157000128
56358872000261
56366745000123
56394011000158
56425805000131
56425805000212
56425805000301
56428379000190
56443309000100
56505135000163
56617504000100
56781364000100
56794968000191
56886846000125
56888767000153
56889284000173
56889620000188
56890459000162
56890469000106
56890469000289
56890865000125
56915541000102
56931573000193
56957217000149
56967630000194
56967925000160
56975730000162
56976323000170
56980870000129
56981720000130
56984128000191
56984129000136
56988337000103
57004490000111
57019863000128
57020761000122
57020911000106
57021382000157
57023742000150
57036589000103
57058602000117
57073971000189
57075551000131
57075774000107
57077023000111
57093553000153
57093887000127
57098688000101
57122052000158
57122207000156
57137933000142
57138437000103
57151541000138
57152153000171
57152153000252
57152770000177
57152777000270
57152777000350
57155362000179
57162456000175
57164140000112
57165222000181
57165225000115
57165718000155
57169031000198
57169482000125
57172436000185
57173480000100
57175040000191
57175360000141
57175362000130
57175362000211
57179976000190
57181114000100
57181602000100
57182976000140
57188550000101
57189023000103
57189454000170
57190577000120
57192482000146
57204691000162
57206771000157
57206772000100
57214847000196
57224019000139
57224499000138
57226269000108
57228780000149
57231560000174
57231561000119
57231561000208
57232434000134
57232438000112
57237939000191
57238353000141
57240551000140
57242340000146
57242860000230
57247476000149
57247476000220
57250820000159
57251462000107
57251751000106
57256445000154
57259361000174
57264130000159
57269740000145
57274082000180
57274087000102
57280787000100
57282852000136
57284116000117
57286368000185
57295673000133
57299643000103
57305681000113
57316899000173
57320386000136
57323207000114
57323485000171
57324807000105
57325170000163
57331085000108
57333526000100
57334770000198
57336006000151
57336015000142
57342231000109
57343389000195
57344358000159
57344805000170
57345177000228
57345509000193
57346475000151
57350236000175
57351535000124
57352640000188
57355037000150
57362684000199
57366380000108
57462422000104
57465819000141
57465819000222
57468843000134
57483052000183
57483054000172
57483774000138
57484381000149
57486783000182
57488374000115
57490010000170
57490026000182
57491191000159
57492983000148
57492984000192
57496423000161
57497714000174
57503417000194
57508262000189
57508263000123
57508266000167
57508271000170
57508272000114
57508364000102
57508712000133
57510883000105
57510883000288
57510883000369
57510883000440
57512017000226
57513289000160
57514552000135
57523343000158
57523346000191
57527371000143
57529870000170
57530310000135
57530310000216
57530311000180
57535706000175
57535711000188
57536101000107
57536103000198
57536452000100
57541312000120
57543333000184
57543758000193
57543760000162
57545325000177
57545326000111
57545331000124
57546357000197
57546357000278
57547379000171
57547381000140
57548266000190
57548769000166
57548770000190
57549802000172
57550405000110
57550992000148
57551551000160
57551552000105
57551552000296
57552034000106
57552038000194
57552498000112
57552505000186
57557949000104
57559050000120
57559931000141
57559937000119
57559938000163
57560383000170
57560386000103
57560389000147
57560883000101
57560884000156
57560890000103
57561806000176
57562190000158
57564755000136
57565226000157
57566257000122
57566257000203
57567160000134
57567165000167
57568549000102
57568926000103
57568928000194
57568930000163
57569265000122
57579279000127
57579282000140
57580459000129
57580460000153
57580463000197
57580866000136
57581382000101
57583372000105
57588882000175
57589463000158
57589466000191
57590024000165
57590025000100
57591068000100
57591068000290
57591074000167
57591550000140
57591557000161
57596654000147
57597066000128
57597333000167
57597651000128
57597653000117
57602729000155
57606275000190
57606905000127
57607495000139
57610959000166
57615380000196
57615380000277
57615568000134
57617860000196
57618394000163
57619442000138
57619966000129
57619968000118
57622139000194
57624508000188
57624508000269
57624509000122
57627383000140
57627383000220
57627384000194
57627870000102
57627870000293
57633925000197
57633932000199
57637918000163
57638241000188
57639725000141
57639729000120
57640068000152
57650115000149
57650337000161
57650387000149
57652011000173
57652939000158
57652940000182
57655608000171
57656529000185
57656897000123
57671105000190
57671105000270
57671105000351
57671105000432
57671105000513
57671107000189
57671757000124
57671759000113
57674916000225
57676515000123
57676515000204
57676515000395
57677881000105
57677881000288
57678407000190
57678942000140
57678942000221
57678945000184
57679455000100
57679460000105
57679908000190
57680338000159
57680868000105
57687823000154
57692066000107
57695745000130
57696263000102
57696567000161
57697248000170
57697467000150
57697892000149
57698129000132
57703103000135
57703676000169
57709298000120
57712016000144
57712548000181
57715861000173
57717072000171
57717630000107
57719207000138
57719436000152
57720812000129
57721149000187
57723947000148
57723950000161
57724369000164
57724369000245
57728893000103
57729304000101
57729812000190
57730961000250
57730972000159
57731610000182
57731612000252
57731612000333
57733416000136
57733947000129
57734522000134
57734528000101
57735010000192
57735012000181
57735472000100
57741475000156
57741777000124
57745367000151
57745823000163
57745824000108
57747640000187
57750411000111
57752133000131
57752133000212
57753245000107
57765716000105
57766195000100
57767289000196
57769348000165
57770020000169
57770319000113
57771633000110
57772629000177
57773209000105
57773817000110
57775029000162
57775035000110
57775623000153
57775628000186
57776238000120
57776238000201
57776845000190
57777389000101
57777390000128
57783809000154
57784065000192
57784065000273
57784070000103
57784313000103
57786214000152
57786791000144
57786796000177
57787532000138
57791499000110
57796596000103
57799937000196
57800244000176
57802269000109
57804715000114
57804717000103
57805873000199
57806795000147
57807848000144
57807850000113
57808877000120
57811942000177
57813093000190
57814102000168
57815509000100
57819806000123
57819806000204
57822171000113
57823950000133
57825595000131
57825931000146
57825934000180
57826337000170
57826337000250
57829895000199
57829896000133
57830379000184
57830381000153
57830862000169
57831335000179
57831335000330
57831339000157
57831788000103
57831789000140
57831791000119
57832553000128
57838012000107
57838405000110
57838407000100
57839372000123
57839380000170
57839928000181
57840908000120
57841406000114
57842251000130
57843276000159
57843276000230
57846313000182
57847201000146
57848047000127
57848787000163
57849059000176
57859833000120
57860449000147
57860449000228
57861223000160
57861223000241
57861223000322
57862011000106
57862374000133
57862730000119
57863788000187
57866837000135
57869944000117
57874410000189
57877325000174
57878007000128
57878007000209
57878593000100
57880178000191
57880184000149
57882471000198
57882471000279
57882473000187
57882479000154
57887684000102
57889658000113
57889660000192
57895406000105
57897302000121
57898200000120
57901778000199
57903116000158
57903116000239
57904509000186
57906892000101
57912843000181
57913304000167
57913307000109
57915531000121
57917386000118
57917386000207
57918459000196
57918801000158
57919202000159
57923557000111
57924850000101
57925441000111
57931000000122
57931426000186
57932198000169
57932198000240
57936687000199
57936693000146
57938774000185
57940282000124
57940790000102
57951914000155
57952169000169
57952818000121
57956239000157
57957895000174
57957897000163
57957899000152
57958203000102
57960263000160
57960268000192
57960795000105
57960796000141
57961409000191
57963422000180
57963427000102
57965676000137
57966096000164
57966099000106
57966100000194
57966819000125
57971250000196
57972599000142
57973121000137
57974211000142
57974215000120
57975370000161
57975370000242
57976992000104
57978435000122
57979138000100
57979441000102
57979442000149
57979609000171
57980780000109
57980782000190
57983491000155
57983494000199
57983497000122
57983499000111
57984075000171
57984629000130
57991029000108
57991807000150
57991814000152
57992270000143
57994037000108
57994528000140
57995034000180
57995304000153
57997615000151
57997615000232
57998492000173
57998969000110
57998974000123
57999576000121
57999577000176
58000799000104
58000802000181
58000807000104
58001492000110
58002094000118
58002652000145
58009057000131
58009058000186
58014898000137
58014902000167
58015201000142
58015203000131
58016342000180
58018069000122
58019778000122
58020098000129
58020620000172
58020623000106
58027542000138
58028426000133
58030831000196
58031409000236
58032765000193
58032767000182
58032767000263
58033601000180
58034112000143
58035160000156
58035645000140
58037546000105
58049597000149
58049598000193
58049959000100
58049960000126
58057044000138
58057587000155
58060409000183
58060412000105
58061315000129
58061315000200
58061321000186
58061325000164
58062764000191
58062968000122
58066870000143
58068002000100
58069043000103
58069602000185
58075159000155
58075793000198
58078678000177
58078678000258
58079201000106
58079607000199
58080270000130
58080735000152
58085025000115
58085027000104
58088586000178
58088586000259
58089771000187
58090335000128
58093418000170
58094016000190
58094016000271
58094018000180
58094603000180
58096749000164
58102262000147
58102263000191
58102265000180
58102265000261
58105804000135
58109634000167
58110587000171
58111047000102
58129120000173
58129837000115
58129837000204
58129839000104
58129839000295
58129843000172
58133991000160
58134583000123
58136388000132
58137596000156
58140154000169
58140154000240
58140527000282
58140848000104
58140848000287
58141562000135
58147354000143
58147892000138
58149579000139
58150804000157
58151157000106
58154700000110
58155222000163
58155223000108
58155773000208
58155773000399
58155775000116
58155776000241
58156291000191
58158788000149
58160277000161
58162211000100
58164447000186
58168325000168
58168813000175
58171285000103
58177205000631
58181914000186
58181914000267
58181914000348
58181915000120
58182118000168
58182632000101
58182850000138
58182850000219
58183004000132
58183160000101
58183160000284
58183331000194
58183694000120
58184467000119
58184467000208
58184467000380
58187416000140
58187419000184
58191556000192
58192420000105
58192773000105
58192773000288
58192773000369
58193539000194
58195021000190
58197532000140
58199058000196
58199059000130
58199222000165
58199348000130
58199975000170
58201420000116
58201421000160
58201422000105
58222991000137
58223275000174
58223281000121
58223283000110
58223286000154
58223294000109
58223297000134
58223300000110
58223300000209
58223541000169
58223543000158
58223543000239
58224263000164
58224264000109
58224265000153
58224441000157
58224599000127
58224609000124
58224821000191
58224828000103
58224829000158
58224982000185
58224984000255
58224987000108
58224990000121
58227623000181
58227624000126
58228303000146
58228672000139
58233721000121
58233722000176
58234265000134
58235345000104
58235348000148
58235350000117
58235350000206
58236319000109
58241966000109
58242634000130
58242636000120
58242638000119
58242817000156
58243030000109
58243191000100
58243329000163
58243330000198
58243493000170
58243496000104
58243666000150
58243805000146
58243960000162
58244118000145
58244767000146
58249221000188
58249232000168
58250565000107
58251870000113
58251870000202
58255424000187
58258551000130
58258552000184
58258552000265
58258552000346
58258991000197
58259691000122
58259696000155
58260437000144
58260772000142
58263940000153
58263940000234
58264195000167
58265237000184
58265237000265
58266128000181
58269224000183
58269229000106
58269229000297
58269520000184
58269520000265
58271491000195
58272460000159
58273017000100
58274055000170
58274057000169
58276480000106
58276720000164
58280229000107
58281456000157
58282331000141
58282784000178
58290593000158
58290884000146
58291087000183
58291323000161
58291498000179
58291500000100
58295532000183
58295859000155
58300861000175
58301856000187
58303320000109
58306640000104
58306641000159
58306643000148
58307225000175
58308242000127
58309082000130
58318639000280
58318647000146
58318647000227
58318647000308
58318648000190
58318649000135
58318652000159
58318657000181
58318659000170
58318663000139
58318790000138
58318794000116
58326650000101
58326657000123
58326666000114
58326667000169
58326675000105
58326676000150
58329350000186
58329984000139
58329985000183
58329985000264
58329986000128
58331274000143
58331882000158
58331889000170
58331890000102
58331891000149
58331895000127
58332157000102
58332526000159
58332527000101
58332533000150
58332695000199
58332695000270
58332695000350
58332865000135
58333051000115
58335797000168
58337862000194
58339929000120
58339929000200
58340833000181
58341214000292
58343541000100
58344036000172
58347035000181
58347475000139
58347830000170
58348136000177
58348938000187
58350147000191
58354264000123
58357993000133
58358512000104
58360923000134
58361427000103
58361944000174
58362440000179
58362874000179
58363324000174
58364033000109
58364036000134
58364122000147
58364122000228
58364122000309
58364122000490
58364122000570
58364122000651
58364369000163
58364628000156
58364629000109
58364630000125
58364864000172
58368567000103
58369142000100
58371969000159
58372216000168
58373095000179
58387066000166
58387327000148
58387328000192
58388981000176
58388981000257
58392009000175
58392009000256
58392257000116
58392493000132
58393119000151
58393929000108
58393929000299
58396962000191
58396962000272
58396964000180
58399599000168
58399600000154
58399786000141
58399787000196
58400434000169
58400435000103
58405818000174
58406383000182
58406895000149
58407857000100
58409287000198
58410480000149
58412557000110
58414011000106
58414762000114
58419998000143
58422746000173
58423700000179
58424068000188
58426699000136
58428124000152
58428125000105
58428513000188
58428513000269
58434646000167
58435251000189
58435251000260
58435252000123
58435612000197
58437374000159
58437830000160
58441084000189
58442006000107
58442975000150
58444179000156
58445986000193
58446157000125
58446159000114
58446159000203
58446306000156
58446308000145
58446459000101
58446460000128
58450227000119
58450573000105
58454110000103
58455018000168
58458168000125
58458171000149
58458171000220
58458171000300
58458172000193
58458172000274
58458174000182
58469577000127
58474748000106
58478253000155
58479995000103
58480000000116
58480553000179
58484371000176
58484963000198
58485330000102
58485330000285
58485331000149
58487817000116
58487817000205
58488473000160
58491157000147
58494194000109
58494713000139
58494713000210
58494722000120
58495114000130
58495457000102
58495459000193
58496700000107
58497807000242
58498754000101
58499352000113
58500330000126
58500334000104
58500768000104
58500769000159
58501247000171
58501249000160
58501250000195
58501254000173
58501254000254
58502669000161
58503760000100
58505626000130
58507170000147
58508057000186
58509887000128
58509887000209
58509891000196
58509891000277
58510100000148
58514823000115
58515169000164
58515559000134
58515565000191
58515565000272
58517734000122
58519751000107
58521391000170
58521833000188
58523082000139
58523422000121
58527122000110
58530596000111
58533413000111
58533414000166
58533414000247
58533414000328
58533872000103
58534095000103
58534278000129
58541493000157
58542287000161
58542288000106
58542803000158
58542803000239
58543016000120
58544482000120
58544851000185
58545051000189
58545551000110
58545551000200
58546914000132
58547239000247
58549428000178
58549559000155
58549653000104
58553817000177
58553818000111
58558646000179
58558646000250
58568242000166
58580245000115
58580245000204
58600202000154
58615161000170
58616201000106
58621175000104
58621177000195
58621177000276
58621551000152
58635099000188
58641898000167
58641898000248
58641898000329
58650980000158
58651888000102
58652608000180
58657375000109
58658026000101
58658027000156
58658033000103
58681121000126
58709592000103
58709592000286
58712657000161
58714219000132
58715041000144
58719171000155
58723836000102
58724736000192
58726168000169
58728004000170
58729637000101
58734585000153
58736508000132
58736508000213
58742897000109
58742898000153
58742898000234
58743706000123
58743720000127
58744461000159
58744790000108
58744791000144
58744791000225
58747633000148
58747636000181
58747639000115
58748063000100
58748496000166
58749592000129
58749968000103
58751331000143
58752595000111
58755796000172
58758927000175
58760129000188
58763958000114
58763959000169
58766758000115
58766763000128
58771758000103
58772430000101
58781333000185
58781544000118
58796717000171
58800683000141
58801091000144
58801091000225
58801091000306
58803876000156
58804735000158
58808922000100
58810973000176
58826914000196
58837833000191
58849017000106
58858155000143
58861478000196
58861478000277
58863395000136
58864856000195
58865488000108
58866069000182
58866069000263
58866069000344
58866069000425
58866074000195
58866076000184
58866604000103
58866604000286
58866608000183
58867141000196
58874002000190
58875057000114
58875057000203
58875060000138
58875524000106
58875524000297
58875529000139
58875529000210
58879318000174
58881287000196
58881287000277
58881287000358
58882349000184
58883407000194
58883407000275
58883407000356
58892751000140
58893743000118
58894716000160
58895763000128
58903249000197
58906427000133
58908573000106
58908573000289
58909673000149
58909673000220
58910098000102
58910098000285
58911782000109
58911783000145
58913395000101
58913402000167
58916938000136
58916939000180
58920004000178
58925937000158
58926878000132
58927854000106
58929189000262
58929196000183
58930102000196
58930449000210
58935332000148
58936867000133
58936869000122
58936870000157
58937479000177
58938153000164
58938155000153
58938159000131
58939731000187
58940590000112
58941518000100
58941520000189
58943750000187
58946742000194
58948908000101
58949722000177
58952189000100
58954924000107
58954931000109
58972580000169
58973129000166
58977664000195
58981930000153
58983421000160
58985091000141
58989797000181
58990301000190
58996541000100
58998689000175
59000908000148
59007123000440
59008514000136
59010304000182
59011243000178
59011251000114
59011253000103
59017108000130
59018211000102
59023896000177
59023896000258
59024970000170
59026445000193
59030665000190
59030665000271
59031986000100
59031988000107
59033923000192
59038934000165
59040661000193
59041408000154
59042969000178
59043365000146
59043765000151
59050614000120
59056161000140
59056165000128
59057170000155
59057975000107
59058484000172
59059726000142
59059729000186
59066818000150
59066820000129
59067828000100
59068849000140
59069615000117
59073880000179
59074653000168
59075142000241
59075745000162
59075745000243
59075745000324
59075745000405
59078645000190
59086658000100
59086659000155
59086662000179
59090487000193
59090487000274
59091475000264
59091917000191
59091919000180
59092300000190
59105804000106
59106741000102
59106742000149
59110922000102
59111726000144
59112298000174
59114168000170
59121410000133
59123084000101
59124940000135
59125367000184
59125368000129
59125746000174
59125753000176
59125754000110
59125758000107
59125760000178
59126935000161
59131059000161
59131266000116
59131269000150
59131569000139
59131570000163
59132915000101
59133552000110
59134274000116
59137469000110
59137469000381
59139629000160
59140060000152
59140062000141
59141005000187
59141006000121
59143160000132
59144884000109
59145817000109
59145822000103
59146755000141
59147739000173
59147743000131
59148507000210
59149969000171
59149969000252
59149977000118
59149978000162
59151339000131
59152203000146
59157540000126
59164122000166
59164577000181
59168274000137
59169130000103
59169134000264
59170891000177
59170891000258
59173382000106
59175527000108
59176075000170
59177788000159
59178611000177
59182018000102
59183573000140
59188348000105
59191747000117
59192318000164
59194440000170
59197102000191
59199421000136
59200704000150
59201216000168
59201599000174
59201909000150
59201910000185
59202239000197
59208517000113
59209042000180
59209044000179
59210965000151
59211697000192
59213030000129
59213030000200
59214802000147
59216635000173
59222282000114
59225155000179
59225384000193
59238387000161
59241017000183
59241019000172
59241019000253
59248635000155
59253594000195
59259439000186
59260644000161
59261120000195
59271972000163
59271975000105
59279202000167
59279206000145
59282840000137
59283720000154
59283724000132
59283729000165
59286511000164
59292788000108
59292963000159
59295268000140
59295929000138
59298246000134
59298247000189
59298247000260
59304291000154
59304291000235
59306758000103
59307572000160
59319154000193
59323506000184
59324800000100
59324802000108
59325244000197
59326482000117
59329403000121
59331796000108
59332556000128
59333273000109
59335545000100
59336195000198
59337332000109
59341653000187
59342157000148
59342740000159
59347389000199
59349272000144
59354819000108
59372021000180
59372021000261
59379811000198
59379813000187
59380381000124
59380384000168
59381062000133
59381063000188
59381804000120
59381808000109
59381809000153
59382570000136
59384895000158
59385717000141
59388974000137
59392772000169
59394799000190
59398874000191
59399611000105
59401914000107
59402704000133
59402704000214
59403820000177
59404267000197
59406988000136
59407776000173
59408618000138
59412236000188
59413636000108
59413636000299
59419930000127
59421145000109
59426399000110
59426401000150
59426404000194
59428708000190
59430821000100
59435436000156
59435441000169
59443847000193
59446596000109
59447313000135
59450174000107
59450538000140
59450539000195
59455567000103
59455569000194
59456408000115
59456408000204
59457147000158
59465516000154
59466314000127
59469303000109
59470030000104
59471208000131
59473404000145
59473406000134
59474352000121
59476264000169
59476987000168
59478949000144
59480134000108
59480615000105
59480615000296
59481064000102
59481065000149
59494232000196
59494497000194
59495165000205
59497119000164
59497637000188
59501228000108
59501228000299
59503800000178
59506481000154
59507267000112
59510277000107
59510878000110
59510882000188
59511340000120
59517787000106
59517787000297
59518090000150
59519664000104
59519664000295
59525164000185
59529369000139
59530210000134
59532693000106
59534752000185
59537130000100
59540696000191
59541596000180
59544834000100
59556343000180
59558782000121
59561626000110
59563560000105
59563909000109
59565489000191
59565492000105
59566130000139
59572351000110
59575363000106
59581364000155
59585295000158
59585296000100
59585296000283
59587133000159
59587133000230
59587137000137
59589276000108
59589276000280
59589276000361
59598377000137
59601165000161
59606340000103
59614221000100
59614356000168
59615233000141
59615660000120
59616256000170
59617528000157
59617532000115
59623291000117
59623291000206
59625783000141
59625784000196
59625791000198
59630660000107
59637937000115
59639204000110
59639794000180
59639794000342
59641063000170
59644256000184
59644256000265
59647690000118
59647690000207
59650612000172
59651408000176
59653046000152
59653056000198
59653875000135
59654633000166
59655749000110
59655750000144
59656189000118
59656624000104
59656626000101
59661639000160
59662621000183
59662630000174
59663175000121
59663176000176
59663177000110
59663760000121
59667416000100
59667416000291
59668123000148
59668123000229
59669512000198
59670750000113
59674124000103
59674124000286
59677611000111
59679112000163
59679112000244
59679112000325
59679115000105
59681485000179
59684513000101
59685414000144
59685959000231
59691391000180
59692112000101
59694467000202
59697442000181
59697443000126
59697444000170
59698735000183
59698740000196
59699368000132
59699881000123
59699883000112
59699885000101
59700283000127
59701390000170
59703302000179
59708171000112
59709789000105
59714265000102
59715296000170
59715297000114
59716791000101
59717230000119
59729711000144
59742901000100
59743510000100
59743511000146
59743789000113
59744439000171
59744439000252
59744439000333
59745040000105
59757644000171
59757829000186
59758955000155
59764321000105
59768003000112
59768629000129
59769280000140
59769283000183
59769849000177
59770431000180
59771018000130
59777303000168
59777476000186
59777477000120
59778553000112
59780194000138
59781490000234
59782209000105
59791461000172
59791468000194
59794176000105
59808798000226
59808798000498
59808798000579
59808798000650
59819651000150
59820421000101
59823469000173
59823472000197
59824178000108
59824178000280
59825207000229
59825210000161
59830481000105
59831338000138
59832330000196
59832332000185
59832903000181
59833599000197
59834431000104
59839156000103
59841526000147
59843218000150
59844885000158
59844897000182
59848867000144
59848867000225
59848867000306
59854504000111
59860002000101
59863587000105
59864948000138
59865746000100
59869693000104
59875972000172
59878738000107
59882243000143
59882943000138
59889487000158
59889492000160
59889502000168
59892035000125
59894367000149
59899199000184
59901997000101
59902644000118
59905988000180
59912370000148
59914060000162
59916465000130
59917834000109
59927717000126
59927717000207
59929310000138
59931815000137
59933339000193
59933646000174
59936111000157
59936114000190
59941364000119
59953730000150
59953732000149
59954155000100
59957136000137
59957136000218
59958610000145
59958615000178
59962386000165
59966426000147
59967384000169
59967555000150
59970027000150
59970286000180
59970868000167
59981200000115
59988330000180
59988720000150
59989900000156
59991192000198
59991192000279
59994184000103
59994189000128
59998139000119
60006302000107
60006305000132
60006917000125
60007458000102
60008335000188
60008669000151
60014466000178
60021881000159
60023169000199
60026351000101
60026351000284
60026913000109
60026914000153
60042210000174
60042527000100
60042729000152
60043083000128
60043477000186
60051716000140
60053066000171
60054636000148
60060017000166
60060967000190
60061172000105
60061177000120
60061178000174
60061658000135
60061659000180
60061662000101
60062448000161
60065255000164
60065734000180
60067597000113
60067604000187
60067604000268
60070647000111
60079342000170
60079343000115
60079351000161
60081920000103
60081929000114
60082327000181
60082653000199
60082656000122
60087836000105
60087839000130
60088634000170
60089119000104
60089129000140
60089746000145
60089747000190
60089748000134
60090348000149
60091000000176
60091764000161
60095793000100
60096217000179
60096723000168
60097296000132
60104428000106
60104792000176
60105120000185
60105610000181
60105610000262
60110502000105
60110873000189
60111808000178
60115331000107
60124548000175
60125149000129
60126127000183
60132722000121
60133191000191
60141122000120
60142982000188
60146877000117
60159052000137
60159053000181
60159053000262
60161384000156
60161390000103
60166297000191
60166298000136
60167615000139
60172057000108
60172062000102
60172688000119
60172689000163
60173307000116
60173307000205
60175133000120
60181107000105
60184897000182
60189089000108
60189089000299
60189089000370
60196858000103
60202891000190
60203622000149
60204795000181
60212241000126
60212243000115
60214380000199
60216862000188
60219006000186
60219007000120
60224468000191
60226261000156
60228506000184
60230420000196
60238927000196
60239320000120
60241069000139
60292062000146
60292062000227
60292523000180
60292751000150
60293154000140
60293893000132
60295204000129
60295602000145
60295831000160
60302109000105
60302109000296
60303025000196
60316703000155
60317510000119
60317522000143
60317530000190
60317537000101
60317538000156
60317546000100
60318558000141
60320531000193
60321896000132
60338075000109
60338164000155
60352272000182
60352272000263
60352865000149
60355089000130
60355089000300
60365243000155
60365811000118
60366372000168
60374629000123
60375535000179
60375998000130
60376465000173
60376564000155
60376565000108
60376617000138
60376617000219
60376620000151
60378279000173
60386193000192
60388263000141
60388895000105
60388895000296
60388896000150
60391473000199
60391473000270
60391474000133
60392175000113
60392512000172
60398342000133
60398342000214
60403627000115
60403627000204
60407701000171
60407701000252
60415404000178
60415404000259
60426877000170
60426884000172
60428073000100
60428495000186
60429528000102
60436005000193
60439231000128
60441360000150
60442342000193
60442575000196
60442576000130
60442774000102
60442970000179
60446864000163
60448005000103
60448083000108
60448083000299
60450353000115
60451496000141
60452362000145
60452732000144
60456758000160
60456899000183
60469720000122
60478347000176
60480222000180
60485161000144
60485765000190
60495414000160
60496187000198
60497606000106
60497607000150
60497607000231
60500126000157
60504264000104
60504269000137
60504269000218
60504830000188
60508997000117
60510270000174
60511272000188
60513460000145
60517568000106
60518296000169
60520500000186
60521538000173
60522632000147
60524767000141
60528975000119
60531023000154
60533201000186
60533203000175
60533575000100
60533576000146
60535021000133
60535022000188
60539388000125
60539388000206
60543957000106
60545717000140
60546815000100
60548524000143
60548524000224
60549165000149
60553505000105
60574256000134
60574256000215
60574972000111
60576415000130
60580393000181
60580393000262
60583132000115
60584097000159
60588083000103
60589677000139
60589677000210
60589680000152
60591676000129
60592265000158
60593636000116
60596472000180
60602305000103
60602305000286
60602983000168
60604268000164
60604845000118
60604851000175
60605757000130
60606674000166
60609866000126
60611162000198
60612684000104
60618315000129
60618697000190
60618698000135
60620353000116
60641770000145
60644782000123
60659910000102
60662076000104
60675697000122
60676348000125
60676353000138
60676355000127
60676355000208
60676956000130
60676961000142
60676964000186
60677881000101
60677884000145
60678546000128
60679034000186
60680831000183
60685917000107
60685928000189
60688623000120
60698177000135
60698182000148
60699182000162
60704065000140
60708486000149
60709879000258
60714850000183
60720806000186
60721422000269
60721423000203
60721423000394
60727022000180
60731005000116
60737976000173
60739142000105
60740378000153
60754668000156
60755672000139
60756735000252
60756739000150
60758922000194
60759886000183
60772693000162
60772693000243
60772939000104
60772940000120
60775964000133
60776149000199
60777318000105
60785715000129
60787851000158
60789190000108
60794972000127
60795401000107
60799367000149
60800997000196
60801777000187
60806128000179
60806917000100
60807593000124
60809864000180
60813609000101
60816003000120
60821134000103
60831196000198
60831709000160
60832489000190
60840050000109
60843688000101
60844140000178
60844140000259
60847681000150
60848481000111
60848481000200
60853905000136
60856665000123
60865029000168
60866892000130
60869006000121
60870872000132
60870874000121
60879250000175
60942998000175
60945384000147
60945529000100
60946881000160
60946882000104
60948121000191
60949010000108
60964240000138
60964613000170
60966602000120
60966820000164
60966915000188
60967139000130
60967677000125
60967679000114
60967680000149
60967681000193
60967697000104
60967698000140
60967707000101
60967709000192
60984056000150
60984197000172
60984246000177
60984247000111
60984294000165
60984592000155
60984595000199
60984601000108
60984601000299
60991457000137
60995094000108
60996731000160
60999756000118
61001593000103
61010779000110
61010779000200
61012607000186
61013302000199
61014055000145
61015071000152
61015071000233
61015164000187
61015164000268
61036623000109
61036623000290
61037475000147
61043994000118
61052741000100
61059223000119
61059225000108
61060259000112
61060933000169
61061510000163
61071638000108
61123293000199
61123455000199
61125734000191
61139638000100
61139638000283
61140302000150
61140601000194
61141881000155
61146433000144
61149796000133
61159178000174
61159866000134
61162113000188
61171486000115
61172126000138
61172678000146
61172685000148
61173775000153
61182957000190
61186918000161
61186965000105
61188366000120
61196419000155
61196421000124
61201073000136
61201767000173
61201960000104
61201960000295
61202108000151
61203484000160
61203590000144
61214986000197
61230145000173
61232332000196
61232539000160
61232539000241
61235922000172
61241999000155
61250811000135
61257461000139
61257932000109
61257932000290
61264572000172
61268521000119
61273316000141
61273683000145
61274020000145
61276377000162
61280907000146
61290000000168
61295830000188
61297413000174
61301853000158
61301857000136
61302372000167
61302900000188
61305551000158
61305554000191
61305720000150
61319060000166
61319066000133
61319681000140
61320325000146
61323158000197
61325058000108
61331042000108
61333082000180
61333800000119
61337253000140
61337253000220
61337755000170
61338665000102
61349793000143
61350535000187
61352277000178
61352382000107
61352387000130
61359721000187
61365198000100
61366921000167
61366923000156
61367555000160
61369565000135
61371343000157
61390833000109
61403066000117
61403066000206
61403066000389
61403066000460
61403066000540
61404599000113
61406910000163
61414056000187
61418538000105
61438930000116
61440230000166
61440858000161
61443807000193
61445715000142
61470366000119
61471691000104
61476361000101
61476546000108
61511180000160
61512746000179
61513418000197
61514179000190
61516390000141
61517047000111
61517047000200
61519261000107
61522265000144
61523856000136
61526948000170
61526953000182
61527557000170
61528241000100
61528243000191
61529030000184
61529030000265
61536653000184
61542115000100
61544666000103
61549562000183
61550601000162
61557735000105
61559965000103
61565973000162
61566577000150
61576118000157
61585695000105
61587288000137
61610784000164
61617938000140
61617939000194
61620960000149
61620960000220
61620961000193
61621429000190
61623256000140
61627497000167
61634825000152
61652192000105
61654178000140
61674919000155
61675097000127
61677003000159
61678939000102
61692602000141
61692781000117
61703926000138
61709610000153
61722727000177
61734308000155
61761069000122
61764026000109
61774729000100
61775297000151
61780412000186
61807300000171
61807300000252
61819262000177
61849680000107
61851122000186
61851155000126
61851156000170
61869498000118
61881721000142
61888807000440
61900591000148
61903356000120
61955945000151
61976801000181
61986823000122
61986823000203
61986823000394
61996317000114
62005738000107
62016325000110
62016834000142
62027515000132
62030469000120
62031609000185
62032180001112
62032180001201
62032180001384
62032180001465
62032180001627
62032180001708
62032180001899
62032180001970
62032180002003
62032180002194
62032180002275
62032180002356
62032180002518
62032180002607
62032180002780
62032180002860
62032180002941
62032180003085
62032180003247
62032180003328
62062371000155
62085878000124
62086182000112
62086183000248
62086849000187
62090464000193
62097494000121
62108381000184
62128031000180
62142043000169
62142046000100
62145166000153
62145337000144
62145341000102
62172165000106
62173564000183
62173567000117
62173780000129
62174948000110
62226390000170
62273569000188
62279867000185
62281138000163
62281593000169
62293332000169
62295482000101
62332053000167
62336657000181
62337960000107
62345501000167
62353485000154
62371721000165
62371803000100
62394063000127
62399392000160
62416231000138
62419363000113
62419976000150
62422168000142
62440221000138
62440319000195
62440319000276
62458496000107
62460125000151
62460239000100
62460604000178
62460685000106
62461384000105
62462550000180
62463738000142
62477257000196
62477671000103
62478239000129
62478305000160
62506377000174
62511876000150
62518628000130
62524870000117
62526711000151
62528639000100
62533579000105
62533787000104
62535442000190
62536051000190
62550239000273
62551394000123
62551397000167
62551398000101
62552949000151
62553174000139
62556743000108
62573851000180
62574016000165
62576860000125
62580886000147
62581373000150
62581374000103
62581377000139
62582576000161
62585745000117
62585746000161
62591349000100
62614117000112
62615386000101
62620237000122
62620938000161
62685980000160
62702602000148
62705823000170
62706550000188
62707098000250
62707395000114
62707398000158
62707645000116
62712375000131
62712471000180
62712829000174
62712838000165
62712841000189
62712846000101
62712857000191
62734039000190
62734044000100
62734089000177
62734091000146
62735875000199
62752002000194
62752295000100
62752767000124
62752767000205
62752950000120
62755951000128
62755953000117
62796794000107
62796853000139
62798515000136
62809442000130
62813623000130
62813624000185
62813625000120
62813678000140
62813826000127
62823335000167
62831934000122
62831935000177
62839604000183
62840121000107
62841055000181
62841056000126
62841292000142
62843592000160
62868670000181
62873766000138
62877663000146
62881653000184
62881657000162
62881661000120
62883885000171
62884289000106
62887315000150
62888376000131
62892926000196
62892927000130
62893959000150
62896783000190
62898262000172
62899630000105
62908395000182
62909522000168
62911385000104
62918785000133
62918791000190
62918795000179
62918798000102
62920116000104
62920118000195
62920121000109
62924132000167
62935510000108
62936135000110
62938117000178
62938128000158
62944243000135
62946451000173
62948283000155
62948288000188
62949057000270
62955995000100
62966116000137
62968087000142
62968090000166
62968090000247
62969642000150
62969644000140
62969648000128
62969649000172
62973473000122
62977243000131
62977246000175
62979900000180
62984099000160
62984881000180
62984882000124
62984882000205
62985959000180
62992533000154
62995134000147
62995135000191
62995138000125
62995363000161
62999399000113
63004927000110
63008592000108
63010657000150
63013747000102
63019073000145
63019074000190
63020706000135
63025703000194
63027034000190
63027035000134
63027036000189
63029733000179
63030335000172
63031978000130
63032836000198
63034015000190
63045830000155
63046851000195
63046852000130
63047691000107
63047692000143
63048293000105
63052041000141
63053402000174
63056268000165
63056968000150
63057735000171
63058446000197
63059202000129
63061537000181
63070453000104
63070456000148
63070461000150
63071996000146
63072743000197
63073364000111
63073853000173
63074182000165
63076770000138
63076775000160
63079082000121
63079821000185
63079822000200
63088692000191
63090491000129
63091844000105
63091846000102
63093201000109
63100482000171
63104445000131
63104447000120
63109287000102
63109887000170
63110187000104
63110989000106
63115260000122
63115997000145
63116293000197
63117536000101
63120044000175
63120047000109
63122015000142
63122018000186
63123147000199
63123629000149
63123631000118
63124849000197
63124850000111
63124852000100
63125506000147
63129189000137
63129190000161
63130286000140
63130290000108
63131831000112
63133794000181
63133795000126
63135286000132
63139107000135
63140171000136
63140175000114
63140177000103
63154296000115
63155296000130
63156539000154
63156540000189
63161116000122
63166507000130
63166512000142
63166513000197
63166514000131
63166517000175
63166518000110
63166519000164
63171379000112
63171392000171
63171393000116
63171396000150
63174723000127
63174729000102
63175389000126
63175857000162
63175858000107
63175858000298
63175860000186
63175860000267
63178278000173
63178284000120
63178284000201
63178285000175
63179664000180
63179668000168
63179674000115
63179682000161
63179684000150
63181570000145
63185497000180
63187837000292
63187838000156
63187839000109
63187841000170
63187852000150
63187854000149
63189159000116
63189173000110
63190489000121
63191581000106
63191582000150
63192458000100
63193750000147
63197390000151
63197395000184
63200643000107
63201952000193
63202333000113
63203058000152
63203059000105
63206495000120
63207209000140
63207215000106
63207982000107
63207986000195
63208645000134
63211789000140
63216179000139
63216651000133
63221872000108
63222903000137
63222904000181
63222906000170
63223233000173
63224962000144
63226905000102
63226911000151
63226923000186
63226926000110
63229010000113
63229012000102
63231079000181
63231080000106
63231084000194
63236992000170
63238284000179
63241032000107
63241039000110
63242279000130
63247414000130
63247909000169
63247912000182
63247915000116
63247918000150
63249264000101
63249265000148
63249267000137
63249271000103
63267101000143
63267107000110
63268927000127
63268928000171
63275542000197
63275550000133
63278567000144
63286148000154
63299860000198
63300146000172
63301129000150
63301142000109
63301596000180
63302250000104
63302254000184
63305854000104
63307878000194
63309035000127
63310025000101
63310028000145
63310030000114
63310032000103
63313888000132
63313888000213
63313890000101
63313892000109
63315348000198
63318351000165
63318355000143
63321148000148
63321150000117
63325619000196
63325619000277
63326325000189
63326724000140
63327224000122
63327235000102
63329303000172
63329305000161
63329306000106
63332564000141
63332565000196
63332567000185
63332569000174
63338143000128
63338154000108
63340252000180
63340256000168
63341635000172
63341639000150
63347670000107
63348154000199
63349295000126
63350588000123
63351789000145
63351792000169
63351792000240
63354904000135
63357816000197
63357821000108
63357827000177
63372815000111
63373290000139
63374537000131
63374539000120
63375045000160
63377225000181
63377232000183
63377770000178
63377772000167
63377773000101
63377778000134
63380516000129
63381767000128
63384170000137
63384179000148
63385206000105
63385217000187
63386042000122
63390636000107
63390638000104
63390638000287
63390639000140
63391326000107
63392083000121
63392573000128
63394485000165
63394491000112
63394491000201
63394492000167
63394494000156
63399845000111
63405538000104
63412242000102
63417854000198
63422189000120
63422193000199
63422194000133
63422195000188
63422195000269
63422195000340
63424256000146
63424264000192
63426578000124
63426580000101
63434642000119
63435164000161
63435170000119
63435171000163
63435710000164
63437414000100
63437904000107
63438868000198
63439505000177
63441613000184
63441616000118
63442301000195
63442302000130
63442304000129
63442892000109
63444536000116
63444539000230
63444542000173
63444544000162
63445922000122
63446621000113
63446622000168
63447315000100
63451754000188
63453230000126
63453681000163
63454180000100
63455631000115
63457305000147
63462629000173
63463249000153
63467007000138
63477378000109
63480315000101
63480319000181
63480940000145
63484084000104
63484090000153
63484093000197
63484095000186
63484891000119
63484892000163
63490360000139
63490363000172
63492369000189
63492894000102
63494190000160
63496406000127
63500013000140
63500845000166
63520954000145
63521255000110
63521258000153
63523887000112
63525111000131
63526559000170
63526960000100
63527615000190
63527617000180
63528816000102
63530496000125
63530503000199
63536058000174
63542454000104
63543477000133
63544098000168
63546569000177
63546569000258
63547247000142
63547918000175
63551343000164
63551344000109
63552041000100
63553339000135
63554405000191
63560322000105
63561962000130
63563996000163
63564001000189
63565408000120
63565412000199
63566359000140
63569216000192
63569219000126
63569219000207
63570829000140
63570833000108
63570842000107
63572197000153
63572199000142
63585523000167
63587025000153
63589812000134
63589814000123
63589819000156
63590955000166
63591511000145
63591512000190
63594423000105
63594424000141
63595080000195
63598134000176
63598140000123
63598977000172
63598979000161
63598980000196
63599672000185
63600197000110
63602644000170
63608180000109
63608185000131
63610181000198
63610184000121
63610881000182
63613157000102
63614871000115
63615469000155
63616099000170
63622936000174
63622936000255
63623966000103
63625239000177
63625606000132
63625790000110
63625793000154
63626040000163
63626093000184
63626093000265
63626496000123
63626497000178
63626497000259
63626497000330
63626499000167
63626611000160
63626942000108
63627174000107
63627476000177
63627484000113
63627890000186
63627892000175
63628872000119
63628873000163
63629439000106
63630205000170
63630209000159
63630213000117
63631783000121
63631786000165
63631787000100
63635399000105
63636572000181
63636576000160
63639989000106
63640654000108
63640658000188
63641243000129
63641248000151
63641742000116
63642186000100
63642539000164
63643930000183
63644105000101
63644106000148
63644308000190
63644309000134
63645031000110
63648312000126
63648316000104
63650331000197
63650336000110
63652247000102
63652848000115
63655257000100
63658123000134
63659401000178
63659402000112
63660992000101
63660995000137
63661000000152
63661004000130
63661008000119
63661767000181
63662326000102
63663168000105
63663593000196
63668157000100
63670181000183
63671274000122
63672973000197
63673616000143
63673617000198
63674425000104
63676573000230
63678036000149
63678037000193
63678038000138
63678039000182
63692559000140
63692559000220
63693648000100
63693649000155
63695364000153
63695370000100
63696687000161
63696689000150
63697720000178
63697728000134
63697729000189
63697729000260
63699553000102
63703746000181
63706775000105
63706775000288
63706787000121
63706791000190
63706792000134
63706793000189
63706794000123
63706796000112
63706799000156
63707457000150
63707457000231
63707458000103
63712489000144
63713306000105
63713916000109
63714689000136
63717545000133
63717554000124
63717555000179
63718287000100
63729278000114
63729279000169
63729284000171
63729808000124
63729810000101
63731850000180
63733912000192
63734427000133
63734428000188
63736791000132
63736795000110
63740982000178
63740982000259
63743489000101
63743500000133
63745338000192
63745338000273
63745695000150
63745698000194
63746427000153
63746612000148
63752858000122
63756179000121
63757725000149
63759360000191
63759891000184
63761185000258
63766904000142
63767308000187
63770305000100
63784349000181
63784962000107
63785655000132
63786385000184
63786385000265
63786386000129
63786389000162
63788567000194
63788569000183
63789807000175
63790419000104
63790429000140
63791286000190
63792390000108
63798554000104
63798558000184
63799136000123
63802897000197
63803629000190
63803630000114
63805458000138
63808300000111
63812182000115
63812190000161
63812662000186
63813573000154
63815082000142
63817206000129
63817206000200
63817206000390
63817206000471
63817206000552
63817206000633
63817469000138
63817843000103
63818285000192
63818714000121
63822781000110
63822782000164
63823815000190
63825712000160
63825719000181
63825720000106
63827765000110
63827768000153
63829660000108
63830677000177
63831685000138
63832782000145
63834000000107
63834000000298
63841162000172
63841163000117
63841166000150
63842234000104
63845385000108
63846047000190
63854019000115
63855374000109
63855375000153
63855760000109
63857285000100
63859843000168
63863913000151
63864880000164
63866078000103
63866085000105
63870366000131
63876393000111
63876393000200
63876397000108
63876399000199
63876400000185
63876401000120
63879981000109
63879983000106
63882504000100
63882508000180
63882509000125
63882510000150
63891412000189
63892815000142
63898132000100
63898136000180
63898137000125
63898138000170
63898141000193
63901118000100
63902163000180
63902905000177
63904124000111
63904126000100
63904127000155
63905118000189
63908147000102
63908150000118
63908468000107
63908470000178
63908471000112
63912118000106
63912573000101
63912914000149
63913323000196
63914730000118
63915447000100
63915450000124
63954505000105
63967211000118
63969371000104
63980779000179
63983087000184
63988408000133
63992311000102
63997767000157
64001278000166
64002912000185
64013990000185
64020104000140
64020501000112
64020922000143
64022121000117
64022414000102
64022414000285
64022798000155
64022806000163
64022838000169
64030176000179
64032092000174
64036030000130
64036140000100
64036449000192
64040205000183
64040529000111
64052019000164
64053553000195
64054363000192
64054764000142
64068821000142
64068874000163
64068874000244
64080389000105
64080661000157
64085339000110
64093128000120
64101760000178
64102009000196
64109988000104
64110805000170
64111027000134
64113162000119
64113248000141
64117797000194
64117818000171
64118526000153
64150897000112
64153765000144
64159430000133
64167630000138
64179781000297
64192038000196
64192410000164
64209436000178
64223403000182
64246434000159
64247248000134
64261028000165
64261176000180
64293664000179
64294730000125
64308629000186
64312569000175
64317307000101
64318623000190
64336611000198
64336913000166
64342764000148
64345938000126
64346705000148
64350099000134
64350749000141
64351205000102
64368304000199
64368803000186
64371077000150
64371547000186
64372938000115
64373508000118
64403621000107
64405099000194
64405314000157
64414861000107
64414861000280
64415051000167
64416504000170
64418855000110
64419292000184
64421745000107
64422335000180
64423038000150
64425867000171
64433787000168
64435024000156
64444253000137
64448507000195
64449720000111
64449867000101
64456854000160
64470030000144
64471578000109
64476702000129
64482734000137
64493237000134
64494044000106
64503731000132
64506499000196
64508573000103
64509738000161
64510462000131
64510988000111
64512359000120
64523930000102
64529272000166
64533156000110
64533506000149
64533580000165
64535791000137
64535811000170
64538581000100
64538912000102
64539148000181
64542010000131
64561700000138
64566758000174
64573994000118
64577387000126
64578865000112
64590245000107
64590648000148
64595498000165
64600426000169
64600790000129
64601202000171
64608210000140
64623099000160
64623527000155
64628388000152
64628768000197
64629451000175
64631826000131
64635112000100
64647755000165
64649570000190
64651339000130
64651871000158
64652016000161
64658192000100
64659690000178
64660016000103
64661943000148
64674813000140
64678208000147
64678208000228
64682235000193
64682235000274
64682235000355
64682235000436
64683131000101
64683160000165
64683384000177
64710311000127
64726390000164
64727630000145
64728227000130
64728480000194
64729245000137
64729869000154
64736173000155
64739138000190
64739480000190
64752237000101
64753642000144
64757179000109
64757679000140
64760596000100
64765045000130
64765120000162
64765127000184
64779647000146
64779892000153
64779917000119
64784472000165
64785209000190
64793586000171
64793601000181
64795955000165
64796118000150
64796429000110
64796732000112
64797155000183
64797292000118
64797920000165
64798211000102
64803754000162
64808683000190
64808962000154
64809301000224
64810835000190
64842977000139
64843639000111
64844052000127
64846073000181
64846747000148
64847522000106
64848230000198
64852110000164
64852904000128
64853522000119
64854281000122
64854313000190
64854345000195
64854520000144
64857190000140
64857563000183
64858234000157
64858782000187
64858782000268
64860520000157
64861311000128
64865026000185
64881542000101
64884272000184
64888625000114
64891873000114
64891965000102
64894946000121
64897436000108
64897684000159
64897919000102
64899448000171
64900192000175
64911256000133
64911367000140
64911583000195
64915847000189
64916552000127
64919877000163
64921336000170
64922760000139
64923602000101
64924333000190
64927368000182
64927484000100
64927547000110
64927604000160
64928089000133
64930726000106
64942024000142
64942409000100
64944474000174
64947246000158
64947415000150
64947759000169
64949198000137
64960763000167
64961130000173
64973920000179
64982058000160
64982058000241
64982461000190
64984480000155
64986496000105
64987899000160
65007054000124
65008388000112
65011761000194
65016284000150
65019410000120
65020621000182
65023859000161
65025828000140
65036427000195
65036427000276
65036546000148
65036623000160
65037346000100
65039977000168
65041853000117
65046482000166
65046594000117
65047087000106
65049051000153
65049055000131
65049055000212
65051378000160
65054482000108
65064300000180
65064394000197
65065556000101
65065888000196
65066104000144
65066467000180
65075305000108
65078801000115
65092230000173
65101672000139
65121484000172
65121547000190
65121710000115
65125479000138
65127930000156
65129001000186
65131879000156
65166320000161
65167309000116
65168871000164
65186533000155
65191764000157
65195294000108
65195977000157
65196973000193
65196973000274
65196973000355
65202423000130
65212795000147
65216449000137
65218341000183
65219204000163
65220331000182
65221168000172
65221225000113
65222691000113
65223558000181
65251433000165
65253000000149
65255816000101
65257581000197
65260800000197
65280881000197
65280913000154
65280942000116
65280974000111
65281696000117
65292761000100
65293016000185
65301255000130
65309975000141
65310478000163
65312625000134
65313005000110
65315739000138
65315900000173
65321785000140
65322304000110
65322799000188
65325192000151
65325759000190
65339721000176
65341198000112
65341256000108
65344110000116
65346522000195
65348081000160
65353891000105
65360822000129
65361380000135
65361824000132
65361915000178
65367141000192
65367696000134
65369475000103
65370338000180
65370554000126
65371449000101
65372458000117
65379054000155
65404492000126
65405470000180
65408868000170
65414389000167
65415083000125
65415348000195
65418646000139
65419185000119
65419599000148
65420666000144
65422870000102
65434503000110
65438712000132
65439249000143
65440665000242
65445163000123
65445442000197
65447772000111
65453191000192
65453363000128
65453541000110
65453814000127
65469529000102
65478388000186
65478576000295
65479605000152
65479664000120
65479664000201
65483782000102
65485516000119
65486906000103
65493726000159
65494216000104
65511226000100
65511317000138
65518289000180
65519701000187
65555560000158
65556090000147
65580994000108
65581802000188
65581802000269
65581802000340
65582720000158
65583483000140
65589488000180
65592945000195
65593595000181
65594835000162
65595757000110
65597603000168
65600718000164
65602505000171
65608535000195
65612720000153
65613668000150
65618616000176
65621141000177
65628156000167
65638761000119
65639354000126
65639982000101
65646298000157
65649610000166
65649664000121
65650007000102
65650140000150
65650402000187
65650557000113
65664539000190
65665356000190
65666329000131
65670800000165
65675756000186
65711439000178
65711439000259
65721674000120
65723642000164
65727557000174
65733710000176
65734365000195
65735069000109
65753258000104
65768629000121
65785158000160
65787302000105
65790610000181
65790610000343
65791307000101
65793747000190
65808608000192
65811768000190
65815536000100
65816476000140
65834593000137
65846467000100
65857349000190
65857907000117
65859077000167
65863112000111
65864295000190
65864786000130
65866610000118
65870619000100
65874573000190
65874655000134
65876100000121
65876595000199
65877767000149
65885115000156
65885207000136
65886043000161
65886243000114
65888086000186
65895040000194
65895953000100
65895973000181
65898668000143
65905221000154
65919966000172
65921511000191
65935976000100
65935976000282
65948956000165
65953992000117
65972430000110
65986466000153
65986920000176
65988045000161
65996215000150
65996454000100
65996625000109
65997414000182
65999782000160
66000916000150
66002881000198
66004622000104
66005565000170
66006088000167
66007866000132
66011162000133
66011673000155
66013156000115
66021492000100
66022262000165
66022327000172
66024026000188
66025221000122
66025593000159
66027450000186
66028966000145
66029124000108
66029127000141
66034171000140
66035488000109
66036785000160
66038586000191
66047947000166
66054619000197
66055031000158
66057750000108
66095903000101
66096133000111
66098425000193
66101167000157
66101603000198
66108102000133
66108987000170
66109096000139
66112337000107
66112441000193
66119022000183
66133514000123
66142087000140
66142570000124
66142643000188
66147511000149
66149126000130
66149858000120
66150084000158
66151637000197
66159806000135
66164027000128
66165404000143
66168408000185
66170888000119
66191951000101
66192474000190
66192890000199
66196055000127
66215589000153
66226490000157
66242787000106
66250351000169
66253291000138
66258941000138
66267028000106
66270724000163
66276069000150
66276455000142
66292124000104
66292427000119
66292833000181
66293240000130
66294961000164
66299814000187
66300375000185
66307207000111
66325761000121
66326237000175
66329254000166
66348407000112
66354383000104
66375272000184
66376445000189
66384372000177
66385264000119
66388812000164
66394517000110
66402999000103
66403224000152
66403847000125
66409998000190
66410786000123
66412801000172
66414247000162
66420725000147
66425316000133
66425316000214
66429040000161
66429880000124
66435013000100
66436285000116
66436944000114
66438943000109
66459977000180
66467781000137
66470439000196
66475519000134
66492481000108
66493374000102
66493559000109
66496484000110
66497007000179
66498583000130
66499288000107
66510267000137
66512152000181
66512200000131
66512208000106
66512853000110
66516284000181
66518712000105
66519917000105
66524107000147
66525663000138
66534098000175
66535578000150
66546206000120
66575280000174
66575687000100
66582592000105
66590516000141
66600042000171
66601622000183
66602430000191
66610170000104
66610720000187
66612945000172
66614683000185
66618599000130
66633362000128
66633597000110
66638478000150
66639638000185
66642595000197
66648642000100
66651325000142
66651380000132
66659591000111
66685986000199
66714750000133
66726524000172
66728543000138
66735479000112
66741771000229
66752520000169
66753191000170
66755750000181
66759007000108
66759860000111
66760122000194
66786223000134
66790008000107
66791348000152
66792766000164
66798098000182
66801591000104
66801724000142
66809855000176
66818524000100
66830904000152
66839351000107
66855152000184
66876055000178
66877755000187
66886614000120
66886614000201
66887029000145
66889646000180
66904593000129
66905442000195
66910270000148
66914399000124
66915534000156
66931904000149
66934022000137
66935043000177
66952044000120
66956753000183
66958593000101
66958655000185
66963322000144
66964478000140
67007829000197
67016257000102
67023347000120
67030524000104
67032683000130
67033398000133
67036840000185
67038304000119
67039338000128
67051505000156
67051505000237
67053221000107
67059662000108
67094407000104
67096718000102
67108770000123
67109387000190
67116361000179
67116942000100
67133048000149
67133613000178
67133655000109
67133655000290
67136394000180
67140807000109
67144366000105
67168268000299
67187461000196
67192317000148
67196856000155
67198013000198
67202476000186
67211969000182
67214200000118
67221951000161
67239872000188
67240444000175
67241702000138
67242069000100
67247039000189
67274023000165
67274637000147
67275025000179
67275455000190
67291205000144
67314098000122
67314616000108
67315525000197
67320000000140
67497464000126
67501266000199
67501765000186
67503252000104
67506135000102
67513000000166
67516352000175
67518299000141
67518661000184
67552173000193
67553196000112
67553533000171
67559216000162
67566191000124
67568439000196
67569689000140
67587388000140
67592333000128
67598282000141
67607107000173
67607660000106
67610325000167
67619193000134
67620377001196
67633491000189
67634297000118
67634332000107
67641009000152
67643034000175
67643090000100
67645918000169
67646744000159
67646744000230
67646744000310
67646744000400
67657661000165
67657831000101
67658117000138
67663789000131
67666938000116
67682721000108
67685466000220
67685466000300
67696394000135
67696767000178
67705706000120
67707099000137
67707575000110
67725488000195
67741591000129
67749414000199
67749900000107
67753246000105
67766397000106
67773781000128
67774038000192
67781403000196
67792657000100
67802407000103
67802761000138
67803244000183
67803298000149
67816438000113
67820970000104
67822595000131
67826508000114
67826515000116
67828661000180
67870644000101
67879439000107
67881009000120
67883221000126
67905691000143
67908588000157
67908912000137
67910736000178
67972081000162
67977987000170
67978952000155
67993020000181
68003218000133
68005135000183
68005658000120
68025979000196
68043423000122
68051547000150
68058904000101
68071198000138
68071437000150
68103041000147
68105087000103
68118493000100
68123752000183
68127300000170
68130339000146
68157143000145
68183390000116
68235293000120
68252310000137
68262077000173
68263293000133
68263293000214
68263293000303
68263293000486
68263293000567
68270705000162
68273765000139
68279167000177
68284880000109
68296261000134
68329624000190
68348869000165
68359762000112
68359796000298
68371765000171
68372016000169
68390337000196
68425288000180
68427958000105
68433343000183
68444064000115
68451047000105
68451739000153
68457276000137
68457561000158
68484869000192
68504696000127
68505701000116
68508976000103
68522208000104
68523601000112
68532664000135
68538874000130
68539425000107
68541694000108
68542228000147
68558300000124
68558492000179
68573675000163
68582430000100
68584458000179
68585144000190
68591843000143
68594757000194
68616579000155
68617701000108
68618908000105
68629184000197
68642712000148
68654655000117
68663658000117
68664048000138
68669559000142
68678406000242
68678406000404
68691907000188
68697643000170
68720147000190
68725242000186
68737201000100
68761409000164
68779013000144
68787023000121
68807945000153
68808983000120
68818393000189
68819602000109
68822342000120
68822599000182
68822655000189
68850350000180
68854083000110
68855302000185
68881806000170
68896262000110
68897047000133
68901181000160
68901274000195
68901554000101
68901778000105
68904734000139
68912553000154
68928679000117
68931108000131
68946165000194
68947905000107
68954803000119
68962857000126
68963027000113
68963815000100
68964403000194
68964682000196
68971250000102
68974966000163
68976139000109
68977087000195
68977753000195
69009540000132
69009644000147
69015123000100
69015156000142
69024098000113
69025075000123
69026007000189
69033310000109
69035133000108
69039322000140
69048935000144
69049295000197
69049547000188
69050056000157
69058534000175
69076167000132
69080781000178
69080911000172
69083867000154
69084532000150
97520512000110
97552795000182
97553475000147
97553491000130
97553859000160
